student_id,question_id,is_correct,time_taken_seconds,confidence_rating,test_timestamp
PRIYA,Q_M_21_180,False,52,3,2025-01-12
PRIYA,Q_M_26_156,False,115,3,2025-01-12
PRIYA,Q_M_26_005,True,74,3,2025-01-12
PRIYA,Q_M_23_019,True,66,2,2025-01-12
PRIYA,Q_M_22_077,False,106,2,2025-01-12
PRIYA,Q_M_20_136,False,108,3,2025-01-12
PRIYA,Q_M_16_109,True,95,2,2025-01-12
PRIYA,Q_M_16_133,False,129,2,2025-01-12
PRIYA,Q_M_10_070,True,79,1,2025-01-12
PRIYA,Q_M_25_032,True,88,2,2025-01-12
PRIYA,Q_M_24_138,False,121,2,2025-01-12
PRIYA,Q_M_04_216,True,100,2,2025-01-12
PRIYA,Q_M_18_112,False,97,2,2025-01-12
PRIYA,Q_M_08_005,False,129,2,2025-01-12
PRIYA,Q_M_01_026,True,95,1,2025-01-12
PRIYA,Q_M_01_110,False,177,2,2025-01-12
PRIYA,Q_M_05_119,False,151,2,2025-01-12
PRIYA,Q_M_15_001,True,77,2,2025-01-12
PRIYA,Q_M_17_052,False,109,2,2025-01-12
PRIYA,Q_M_14_191,False,202,2,2025-01-12
PRIYA,Q_M_13_001,False,163,1,2025-01-12
PRIYA,Q_M_09_063,False,169,2,2025-01-12
PRIYA,Q_M_21_256,True,73,3,2025-01-19
PRIYA,Q_M_23_090,True,34,2,2025-01-19
PRIYA,Q_M_26_008,True,79,3,2025-01-19
PRIYA,Q_M_26_187,True,68,3,2025-01-19
PRIYA,Q_M_22_011,True,55,2,2025-01-19
PRIYA,Q_M_20_132,True,81,2,2025-01-19
PRIYA,Q_M_16_181,True,90,2,2025-01-19
PRIYA,Q_M_16_138,True,113,2,2025-01-19
PRIYA,Q_M_10_028,True,84,2,2025-01-19
PRIYA,Q_M_25_006,True,99,2,2025-01-19
PRIYA,Q_M_24_162,True,81,2,2025-01-19
PRIYA,Q_M_04_101,False,102,2,2025-01-19
PRIYA,Q_M_18_178,False,197,2,2025-01-19
PRIYA,Q_M_08_019,False,88,2,2025-01-19
PRIYA,Q_M_01_256,True,99,2,2025-01-19
PRIYA,Q_M_01_077,False,169,2,2025-01-19
PRIYA,Q_M_05_074,True,99,2,2025-01-19
PRIYA,Q_M_15_002,False,140,1,2025-01-19
PRIYA,Q_M_17_070,True,138,2,2025-01-19
PRIYA,Q_M_14_070,False,209,2,2025-01-19
PRIYA,Q_M_13_069,False,155,2,2025-01-19
PRIYA,Q_M_09_041,False,95,2,2025-01-19
PRIYA,Q_M_12_001,False,195,2,2025-01-19
PRIYA,Q_M_21_116,False,128,3,2025-01-26
PRIYA,Q_M_23_108,False,64,2,2025-01-26
PRIYA,Q_M_26_011,True,70,3,2025-01-26
PRIYA,Q_M_26_141,True,95,3,2025-01-26
PRIYA,Q_M_22_100,False,111,2,2025-01-26
PRIYA,Q_M_20_116,True,76,2,2025-01-26
PRIYA,Q_M_16_220,True,76,2,2025-01-26
PRIYA,Q_M_16_127,True,103,2,2025-01-26
PRIYA,Q_M_10_020,True,88,1,2025-01-26
PRIYA,Q_M_25_033,True,85,2,2025-01-26
PRIYA,Q_M_24_031,True,83,2,2025-01-26
PRIYA,Q_M_04_140,False,141,2,2025-01-26
PRIYA,Q_M_18_164,False,126,2,2025-01-26
PRIYA,Q_M_08_001,True,93,2,2025-01-26
PRIYA,Q_M_01_197,False,118,2,2025-01-26
PRIYA,Q_M_01_058,False,229,2,2025-01-26
PRIYA,Q_M_05_019,False,157,2,2025-01-26
PRIYA,Q_M_15_003,True,77,2,2025-01-26
PRIYA,Q_M_17_032,False,140,1,2025-01-26
PRIYA,Q_M_14_182,True,102,2,2025-01-26
PRIYA,Q_M_13_079,False,162,1,2025-01-26
PRIYA,Q_M_09_095,True,110,1,2025-01-26
PRIYA,Q_M_21_097,True,78,3,2025-02-02
PRIYA,Q_M_23_046,True,59,2,2025-02-02
PRIYA,Q_M_22_005,True,111,2,2025-02-02
PRIYA,Q_M_26_114,True,62,2,2025-02-02
PRIYA,Q_M_20_056,True,92,2,2025-02-02
PRIYA,Q_M_16_010,False,163,2,2025-02-02
PRIYA,Q_M_16_197,False,148,2,2025-02-02
PRIYA,Q_M_10_043,False,122,1,2025-02-02
PRIYA,Q_M_24_120,False,130,2,2025-02-02
PRIYA,Q_M_25_014,True,51,2,2025-02-02
PRIYA,Q_M_04_016,True,100,2,2025-02-02
PRIYA,Q_M_18_121,True,87,2,2025-02-02
PRIYA,Q_M_08_029,False,169,2,2025-02-02
PRIYA,Q_M_01_275,False,192,2,2025-02-02
PRIYA,Q_M_01_183,False,197,2,2025-02-02
PRIYA,Q_M_05_142,False,160,2,2025-02-02
PRIYA,Q_M_15_006,True,106,2,2025-02-02
PRIYA,Q_M_13_023,True,98,2,2025-02-02
PRIYA,Q_M_17_043,True,144,2,2025-02-02
PRIYA,Q_M_14_230,False,194,1,2025-02-02
PRIYA,Q_M_09_019,False,187,2,2025-02-02
PRIYA,Q_M_12_032,False,145,1,2025-02-02
PRIYA,Q_M_19_178,True,142,1,2025-02-02
PRIYA,Q_M_21_025,True,79,3,2025-02-09
PRIYA,Q_M_23_048,True,47,2,2025-02-09
PRIYA,Q_M_22_095,True,84,2,2025-02-09
PRIYA,Q_M_26_171,False,62,3,2025-02-09
PRIYA,Q_M_20_096,False,118,2,2025-02-09
PRIYA,Q_M_16_267,False,154,2,2025-02-09
PRIYA,Q_M_16_145,False,181,2,2025-02-09
PRIYA,Q_M_10_109,True,56,2,2025-02-09
PRIYA,Q_M_24_030,False,147,2,2025-02-09
PRIYA,Q_M_25_020,False,65,2,2025-02-09
PRIYA,Q_M_04_179,True,97,2,2025-02-09
PRIYA,Q_M_18_174,False,165,2,2025-02-09
PRIYA,Q_M_08_051,True,85,2,2025-02-09
PRIYA,Q_M_01_182,True,115,2,2025-02-09
PRIYA,Q_M_01_199,True,78,1,2025-02-09
PRIYA,Q_M_05_079,True,89,2,2025-02-09
PRIYA,Q_M_15_005,False,179,2,2025-02-09
PRIYA,Q_M_13_083,True,126,2,2025-02-09
PRIYA,Q_M_17_118,False,132,1,2025-02-09
PRIYA,Q_M_14_227,True,143,2,2025-02-09
PRIYA,Q_M_09_091,True,120,2,2025-02-09
PRIYA,Q_M_12_019,False,181,1,2025-02-09
PRIYA,Q_M_21_010,False,111,2,2025-02-16
PRIYA,Q_M_23_120,True,79,2,2025-02-16
PRIYA,Q_M_22_079,False,101,2,2025-02-16
PRIYA,Q_M_26_017,True,79,3,2025-02-16
PRIYA,Q_M_20_158,True,76,2,2025-02-16
PRIYA,Q_M_16_180,True,88,2,2025-02-16
PRIYA,Q_M_16_165,True,57,2,2025-02-16
PRIYA,Q_M_10_141,True,109,2,2025-02-16
PRIYA,Q_M_24_143,False,126,2,2025-02-16
PRIYA,Q_M_25_042,False,114,2,2025-02-16
PRIYA,Q_M_04_155,True,126,2,2025-02-16
PRIYA,Q_M_18_083,False,161,2,2025-02-16
PRIYA,Q_M_08_011,False,151,2,2025-02-16
PRIYA,Q_M_01_073,True,117,1,2025-02-16
PRIYA,Q_M_01_010,True,115,2,2025-02-16
PRIYA,Q_M_05_077,True,94,2,2025-02-16
PRIYA,Q_M_15_004,False,174,2,2025-02-16
PRIYA,Q_M_13_013,True,98,2,2025-02-16
PRIYA,Q_M_17_128,False,181,2,2025-02-16
PRIYA,Q_M_14_010,True,116,2,2025-02-16
PRIYA,Q_M_09_082,False,162,1,2025-02-16
PRIYA,Q_M_12_029,False,174,2,2025-02-16
PRIYA,Q_M_07_115,True,118,1,2025-02-16
PRIYA,Q_M_21_140,True,58,2,2025-02-23
PRIYA,Q_M_21_046,False,62,2,2025-02-23
PRIYA,Q_M_23_005,False,30,2,2025-02-23
PRIYA,Q_M_22_080,True,73,2,2025-02-23
PRIYA,Q_M_20_146,False,123,2,2025-02-23
PRIYA,Q_M_26_076,True,80,2,2025-02-23
PRIYA,Q_M_16_125,False,139,2,2025-02-23
PRIYA,Q_M_16_227,True,71,2,2025-02-23
PRIYA,Q_M_10_085,True,80,1,2025-02-23
PRIYA,Q_M_04_171,False,159,2,2025-02-23
PRIYA,Q_M_25_027,True,86,2,2025-02-23
PRIYA,Q_M_24_165,False,146,2,2025-02-23
PRIYA,Q_M_18_177,False,181,2,2025-02-23
PRIYA,Q_M_08_035,False,81,2,2025-02-23
PRIYA,Q_M_01_272,False,190,2,2025-02-23
PRIYA,Q_M_01_173,True,113,2,2025-02-23
PRIYA,Q_M_05_032,False,205,2,2025-02-23
PRIYA,Q_M_14_110,True,96,1,2025-02-23
PRIYA,Q_M_17_109,False,175,2,2025-02-23
PRIYA,Q_M_14_128,True,136,2,2025-02-23
PRIYA,Q_M_13_073,False,191,2,2025-02-23
PRIYA,Q_M_09_094,False,155,1,2025-02-23
PRIYA,Q_M_21_258,True,51,3,2025-03-02
PRIYA,Q_M_21_186,True,55,2,2025-03-02
PRIYA,Q_M_23_041,False,102,2,2025-03-02
PRIYA,Q_M_20_133,True,67,2,2025-03-02
PRIYA,Q_M_26_176,True,98,3,2025-03-02
PRIYA,Q_M_16_187,True,83,2,2025-03-02
PRIYA,Q_M_16_303,False,155,2,2025-03-02
PRIYA,Q_M_10_019,False,179,2,2025-03-02
PRIYA,Q_M_04_208,True,95,2,2025-03-02
PRIYA,Q_M_04_074,False,141,2,2025-03-02
PRIYA,Q_M_24_052,True,112,2,2025-03-02
PRIYA,Q_M_18_149,True,79,2,2025-03-02
PRIYA,Q_M_08_013,True,63,2,2025-03-02
PRIYA,Q_M_01_203,False,169,2,2025-03-02
PRIYA,Q_M_01_076,True,100,2,2025-03-02
PRIYA,Q_M_05_065,False,140,2,2025-03-02
PRIYA,Q_M_15_007,True,131,1,2025-03-02
PRIYA,Q_M_14_151,False,204,2,2025-03-02
PRIYA,Q_M_17_124,False,158,2,2025-03-02
PRIYA,Q_M_14_094,False,175,1,2025-03-02
PRIYA,Q_M_13_011,False,196,2,2025-03-02
PRIYA,Q_M_07_074,True,89,1,2025-03-02
PRIYA,Q_M_21_126,True,60,2,2025-03-09
PRIYA,Q_M_21_174,True,49,2,2025-03-09
PRIYA,Q_M_23_063,True,70,2,2025-03-09
PRIYA,Q_M_22_106,True,69,2,2025-03-09
PRIYA,Q_M_20_153,True,84,2,2025-03-09
PRIYA,Q_M_26_070,False,147,2,2025-03-09
PRIYA,Q_M_16_117,True,110,2,2025-03-09
PRIYA,Q_M_16_297,False,114,2,2025-03-09
PRIYA,Q_M_10_013,True,78,1,2025-03-09
PRIYA,Q_M_04_031,True,98,2,2025-03-09
PRIYA,Q_M_04_141,True,168,2,2025-03-09
PRIYA,Q_M_25_044,False,148,2,2025-03-09
PRIYA,Q_M_24_106,True,75,2,2025-03-09
PRIYA,Q_M_18_091,False,200,2,2025-03-09
PRIYA,Q_M_01_078,True,121,2,2025-03-09
PRIYA,Q_M_01_112,True,189,2,2025-03-09
PRIYA,Q_M_05_069,True,73,1,2025-03-09
PRIYA,Q_M_14_056,True,141,2,2025-03-09
PRIYA,Q_M_17_126,True,127,2,2025-03-09
PRIYA,Q_M_14_016,False,123,2,2025-03-09
PRIYA,Q_M_07_238,True,193,1,2025-03-09
PRIYA,Q_M_07_085,False,203,1,2025-03-09
PRIYA,Q_M_19_174,False,186,2,2025-03-09
PRIYA,Q_M_21_118,True,69,2,2025-03-16
PRIYA,Q_M_21_074,True,80,3,2025-03-16
PRIYA,Q_M_23_032,True,44,2,2025-03-16
PRIYA,Q_M_22_078,False,138,2,2025-03-16
PRIYA,Q_M_20_156,False,123,2,2025-03-16
PRIYA,Q_M_16_026,False,127,2,2025-03-16
PRIYA,Q_M_16_314,False,147,2,2025-03-16
PRIYA,Q_M_26_056,True,157,2,2025-03-16
PRIYA,Q_M_10_118,False,76,2,2025-03-16
PRIYA,Q_M_04_010,False,134,2,2025-03-16
PRIYA,Q_M_24_157,False,177,2,2025-03-16
PRIYA,Q_M_18_160,False,124,2,2025-03-16
PRIYA,Q_M_01_239,True,102,2,2025-03-16
PRIYA,Q_M_01_317,True,106,2,2025-03-16
PRIYA,Q_M_05_083,True,112,2,2025-03-16
PRIYA,Q_M_14_149,False,169,2,2025-03-16
PRIYA,Q_M_17_110,False,167,2,2025-03-16
PRIYA,Q_M_13_019,False,185,2,2025-03-16
PRIYA,Q_M_14_031,True,117,2,2025-03-16
PRIYA,Q_M_07_043,True,116,1,2025-03-16
PRIYA,Q_M_07_010,True,108,1,2025-03-16
PRIYA,Q_M_09_089,False,132,2,2025-03-16
PRIYA,Q_M_21_176,False,106,3,2025-03-23
PRIYA,Q_M_21_119,False,74,3,2025-03-23
PRIYA,Q_M_23_056,True,30,2,2025-03-23
PRIYA,Q_M_22_032,True,63,2,2025-03-23
PRIYA,Q_M_20_030,True,64,3,2025-03-23
PRIYA,Q_M_16_273,True,94,2,2025-03-23
PRIYA,Q_M_16_083,False,125,2,2025-03-23
PRIYA,Q_M_26_019,False,122,2,2025-03-23
PRIYA,Q_M_10_056,True,89,2,2025-03-23
PRIYA,Q_M_04_068,False,173,2,2025-03-23
PRIYA,Q_M_24_149,True,82,2,2025-03-23
PRIYA,Q_M_18_125,False,142,2,2025-03-23
PRIYA,Q_M_08_055,False,134,2,2025-03-23
PRIYA,Q_M_01_319,True,125,2,2025-03-23
PRIYA,Q_M_01_144,True,91,2,2025-03-23
PRIYA,Q_M_05_111,True,103,1,2025-03-23
PRIYA,Q_M_14_113,False,189,2,2025-03-23
PRIYA,Q_M_07_119,True,126,2,2025-03-23
PRIYA,Q_M_14_020,False,197,1,2025-03-23
PRIYA,Q_M_07_207,True,115,1,2025-03-23
PRIYA,Q_M_17_078,False,212,2,2025-03-23
PRIYA,Q_M_13_078,True,108,2,2025-03-23
PRIYA,Q_M_21_114,True,77,2,2025-03-30
PRIYA,Q_M_21_061,True,67,3,2025-03-30
PRIYA,Q_M_23_054,True,77,3,2025-03-30
PRIYA,Q_M_22_097,True,76,2,2025-03-30
PRIYA,Q_M_20_052,True,80,2,2025-03-30
PRIYA,Q_M_16_094,True,83,2,2025-03-30
PRIYA,Q_M_16_158,True,115,2,2025-03-30
PRIYA,Q_M_10_079,True,92,2,2025-03-30
PRIYA,Q_M_04_019,False,134,2,2025-03-30
PRIYA,Q_M_26_016,True,77,2,2025-03-30
PRIYA,Q_M_25_013,True,142,2,2025-03-30
PRIYA,Q_M_24_061,True,80,2,2025-03-30
PRIYA,Q_M_18_097,True,93,2,2025-03-30
PRIYA,Q_M_08_063,True,94,2,2025-03-30
PRIYA,Q_M_01_325,True,77,2,2025-03-30
PRIYA,Q_M_01_006,False,173,2,2025-03-30
PRIYA,Q_M_05_133,False,147,2,2025-03-30
PRIYA,Q_M_07_156,False,216,2,2025-03-30
PRIYA,Q_M_07_023,False,169,2,2025-03-30
PRIYA,Q_M_14_025,False,167,2,2025-03-30
PRIYA,Q_M_14_011,False,164,2,2025-03-30
PRIYA,Q_M_17_057,False,176,2,2025-03-30
PRIYA,Q_M_21_007,True,69,3,2025-04-06
PRIYA,Q_M_21_031,True,86,2,2025-04-06
PRIYA,Q_M_23_011,False,94,2,2025-04-06
PRIYA,Q_M_22_090,False,108,2,2025-04-06
PRIYA,Q_M_20_102,True,50,2,2025-04-06
PRIYA,Q_M_16_210,True,130,2,2025-04-06
PRIYA,Q_M_16_079,False,137,2,2025-04-06
PRIYA,Q_M_10_074,True,74,2,2025-04-06
PRIYA,Q_M_04_067,False,129,2,2025-04-06
PRIYA,Q_M_25_050,True,80,2,2025-04-06
PRIYA,Q_M_24_016,False,177,2,2025-04-06
PRIYA,Q_M_26_061,False,153,2,2025-04-06
PRIYA,Q_M_18_173,True,76,2,2025-04-06
PRIYA,Q_M_08_060,False,174,2,2025-04-06
PRIYA,Q_M_01_148,False,143,2,2025-04-06
PRIYA,Q_M_01_064,True,126,2,2025-04-06
PRIYA,Q_M_05_013,False,171,1,2025-04-06
PRIYA,Q_M_07_169,False,187,2,2025-04-06
PRIYA,Q_M_07_025,False,186,1,2025-04-06
PRIYA,Q_M_14_096,False,169,2,2025-04-06
PRIYA,Q_M_17_041,False,173,2,2025-04-06
PRIYA,Q_M_13_085,False,216,2,2025-04-06
PRIYA,Q_M_21_085,True,63,2,2025-04-13
PRIYA,Q_M_21_067,True,79,2,2025-04-13
PRIYA,Q_M_23_012,True,64,3,2025-04-13
PRIYA,Q_M_22_089,True,69,2,2025-04-13
PRIYA,Q_M_20_020,False,88,2,2025-04-13
PRIYA,Q_M_16_006,True,73,2,2025-04-13
PRIYA,Q_M_16_320,False,131,2,2025-04-13
PRIYA,Q_M_10_037,True,125,2,2025-04-13
PRIYA,Q_M_04_026,False,117,2,2025-04-13
PRIYA,Q_M_04_080,True,66,2,2025-04-13
PRIYA,Q_M_24_134,False,138,2,2025-04-13
PRIYA,Q_M_26_163,True,140,3,2025-04-13
PRIYA,Q_M_18_190,True,89,2,2025-04-13
PRIYA,Q_M_01_326,True,89,2,2025-04-13
PRIYA,Q_M_01_115,True,88,1,2025-04-13
PRIYA,Q_M_05_037,True,90,1,2025-04-13
PRIYA,Q_M_07_069,True,154,1,2025-04-13
PRIYA,Q_M_07_076,False,187,1,2025-04-13
PRIYA,Q_M_14_193,True,89,1,2025-04-13
PRIYA,Q_M_14_157,True,116,2,2025-04-13
PRIYA,Q_M_17_013,False,149,2,2025-04-13
PRIYA,Q_M_13_005,True,117,2,2025-04-13
PRIYA,Q_M_21_212,False,103,2,2025-04-20
PRIYA,Q_M_21_145,True,72,2,2025-04-20
PRIYA,Q_M_23_091,True,45,3,2025-04-20
PRIYA,Q_M_22_071,True,70,2,2025-04-20
PRIYA,Q_M_20_135,False,79,2,2025-04-20
PRIYA,Q_M_16_047,False,147,2,2025-04-20
PRIYA,Q_M_16_091,True,88,2,2025-04-20
PRIYA,Q_M_04_114,True,86,2,2025-04-20
PRIYA,Q_M_10_127,False,126,2,2025-04-20
PRIYA,Q_M_25_004,False,137,2,2025-04-20
PRIYA,Q_M_24_046,False,147,2,2025-04-20
PRIYA,Q_M_08_048,True,112,2,2025-04-20
PRIYA,Q_M_26_116,True,46,3,2025-04-20
PRIYA,Q_M_18_148,False,155,2,2025-04-20
PRIYA,Q_M_01_140,False,193,2,2025-04-20
PRIYA,Q_M_01_102,True,77,2,2025-04-20
PRIYA,Q_M_05_010,False,143,2,2025-04-20
PRIYA,Q_M_07_047,False,139,2,2025-04-20
PRIYA,Q_M_07_264,False,131,2,2025-04-20
PRIYA,Q_M_14_026,False,112,2,2025-04-20
PRIYA,Q_M_14_087,False,198,2,2025-04-20
PRIYA,Q_M_17_129,False,182,1,2025-04-20
PRIYA,Q_M_12_050,False,184,1,2025-04-20
ARJUN,Q_M_16_133,True,74,2,2025-01-12
ARJUN,Q_M_16_109,True,71,2,2025-01-12
ARJUN,Q_M_01_110,True,68,3,2025-01-12
ARJUN,Q_M_01_026,False,120,2,2025-01-12
ARJUN,Q_M_26_156,True,69,3,2025-01-12
ARJUN,Q_M_26_005,True,98,3,2025-01-12
ARJUN,Q_M_21_180,True,67,2,2025-01-12
ARJUN,Q_M_23_019,True,111,3,2025-01-12
ARJUN,Q_M_04_216,True,78,2,2025-01-12
ARJUN,Q_M_22_077,True,91,2,2025-01-12
ARJUN,Q_M_24_138,True,88,2,2025-01-12
ARJUN,Q_M_20_136,True,102,2,2025-01-12
ARJUN,Q_M_10_070,False,107,2,2025-01-12
ARJUN,Q_M_18_112,False,160,2,2025-01-12
ARJUN,Q_M_25_032,False,172,1,2025-01-12
ARJUN,Q_M_06_077,False,184,1,2025-01-12
ARJUN,Q_M_08_005,False,184,1,2025-01-12
ARJUN,Q_M_16_138,False,89,3,2025-01-19
ARJUN,Q_M_16_181,False,87,3,2025-01-19
ARJUN,Q_M_01_077,True,75,2,2025-01-19
ARJUN,Q_M_01_256,True,72,3,2025-01-19
ARJUN,Q_M_26_187,True,82,3,2025-01-19
ARJUN,Q_M_26_008,True,78,2,2025-01-19
ARJUN,Q_M_21_256,True,66,3,2025-01-19
ARJUN,Q_M_23_090,True,50,3,2025-01-19
ARJUN,Q_M_04_101,True,97,2,2025-01-19
ARJUN,Q_M_22_011,True,52,2,2025-01-19
ARJUN,Q_M_24_162,True,57,2,2025-01-19
ARJUN,Q_M_20_132,True,93,2,2025-01-19
ARJUN,Q_M_10_028,True,97,2,2025-01-19
ARJUN,Q_M_18_178,True,89,2,2025-01-19
ARJUN,Q_M_25_006,False,216,2,2025-01-19
ARJUN,Q_M_06_061,False,220,1,2025-01-19
ARJUN,Q_M_16_127,False,105,3,2025-01-26
ARJUN,Q_M_16_220,True,39,3,2025-01-26
ARJUN,Q_M_01_058,True,81,2,2025-01-26
ARJUN,Q_M_01_197,True,62,3,2025-01-26
ARJUN,Q_M_26_141,False,142,2,2025-01-26
ARJUN,Q_M_26_011,True,68,3,2025-01-26
ARJUN,Q_M_21_116,True,48,2,2025-01-26
ARJUN,Q_M_23_108,True,64,2,2025-01-26
ARJUN,Q_M_04_140,False,108,2,2025-01-26
ARJUN,Q_M_22_100,False,93,3,2025-01-26
ARJUN,Q_M_24_031,True,87,2,2025-01-26
ARJUN,Q_M_20_116,True,87,2,2025-01-26
ARJUN,Q_M_10_020,True,101,1,2025-01-26
ARJUN,Q_M_18_164,False,161,2,2025-01-26
ARJUN,Q_M_25_033,False,148,2,2025-01-26
ARJUN,Q_M_06_139,False,238,2,2025-01-26
ARJUN,Q_M_16_010,True,67,3,2025-02-02
ARJUN,Q_M_16_197,True,90,3,2025-02-02
ARJUN,Q_M_01_183,False,79,3,2025-02-02
ARJUN,Q_M_01_275,True,68,3,2025-02-02
ARJUN,Q_M_26_114,True,36,3,2025-02-02
ARJUN,Q_M_21_097,True,45,2,2025-02-02
ARJUN,Q_M_23_046,False,67,2,2025-02-02
ARJUN,Q_M_04_016,True,97,2,2025-02-02
ARJUN,Q_M_22_005,False,101,2,2025-02-02
ARJUN,Q_M_24_120,True,64,2,2025-02-02
ARJUN,Q_M_20_056,False,139,2,2025-02-02
ARJUN,Q_M_10_043,False,110,2,2025-02-02
ARJUN,Q_M_18_121,True,64,2,2025-02-02
ARJUN,Q_M_25_014,False,161,2,2025-02-02
ARJUN,Q_M_06_153,False,185,1,2025-02-02
ARJUN,Q_M_15_006,False,178,1,2025-02-02
ARJUN,Q_M_13_023,False,229,2,2025-02-02
ARJUN,Q_M_16_267,True,78,2,2025-02-09
ARJUN,Q_M_16_145,True,67,3,2025-02-09
ARJUN,Q_M_01_199,True,69,3,2025-02-09
ARJUN,Q_M_01_182,False,55,2,2025-02-09
ARJUN,Q_M_26_171,True,68,3,2025-02-09
ARJUN,Q_M_21_025,True,80,3,2025-02-09
ARJUN,Q_M_23_048,False,43,3,2025-02-09
ARJUN,Q_M_04_179,True,66,3,2025-02-09
ARJUN,Q_M_22_095,False,129,2,2025-02-09
ARJUN,Q_M_24_030,False,130,2,2025-02-09
ARJUN,Q_M_20_096,False,78,2,2025-02-09
ARJUN,Q_M_10_109,True,90,2,2025-02-09
ARJUN,Q_M_18_174,True,90,2,2025-02-09
ARJUN,Q_M_25_020,False,139,2,2025-02-09
ARJUN,Q_M_06_086,False,269,2,2025-02-09
ARJUN,Q_M_15_005,False,179,2,2025-02-09
ARJUN,Q_M_16_180,True,58,3,2025-02-16
ARJUN,Q_M_16_165,True,56,3,2025-02-16
ARJUN,Q_M_01_010,True,53,3,2025-02-16
ARJUN,Q_M_01_073,True,57,3,2025-02-16
ARJUN,Q_M_26_017,True,55,3,2025-02-16
ARJUN,Q_M_21_010,False,60,3,2025-02-16
ARJUN,Q_M_23_120,True,56,3,2025-02-16
ARJUN,Q_M_04_155,False,194,2,2025-02-16
ARJUN,Q_M_22_079,True,69,3,2025-02-16
ARJUN,Q_M_24_143,False,177,2,2025-02-16
ARJUN,Q_M_20_158,False,134,2,2025-02-16
ARJUN,Q_M_10_141,True,90,2,2025-02-16
ARJUN,Q_M_18_083,False,142,2,2025-02-16
ARJUN,Q_M_25_042,True,91,1,2025-02-16
ARJUN,Q_M_06_115,False,27,1,2025-02-16
ARJUN,Q_M_15_004,False,195,2,2025-02-16
ARJUN,Q_M_13_013,True,156,1,2025-02-16
ARJUN,Q_M_16_227,True,53,3,2025-02-23
ARJUN,Q_M_16_125,True,70,3,2025-02-23
ARJUN,Q_M_01_173,True,57,3,2025-02-23
ARJUN,Q_M_01_272,True,55,3,2025-02-23
ARJUN,Q_M_26_076,True,88,3,2025-02-23
ARJUN,Q_M_21_140,True,51,2,2025-02-23
ARJUN,Q_M_21_046,True,53,2,2025-02-23
ARJUN,Q_M_23_005,True,50,2,2025-02-23
ARJUN,Q_M_04_171,True,79,3,2025-02-23
ARJUN,Q_M_22_080,True,94,2,2025-02-23
ARJUN,Q_M_24_165,True,65,2,2025-02-23
ARJUN,Q_M_20_146,True,51,2,2025-02-23
ARJUN,Q_M_10_085,True,109,2,2025-02-23
ARJUN,Q_M_18_177,True,73,2,2025-02-23
ARJUN,Q_M_25_027,False,172,2,2025-02-23
ARJUN,Q_M_06_032,True,126,2,2025-02-23
ARJUN,Q_M_16_187,True,60,3,2025-03-02
ARJUN,Q_M_16_303,False,96,3,2025-03-02
ARJUN,Q_M_01_076,False,109,3,2025-03-02
ARJUN,Q_M_01_203,True,75,3,2025-03-02
ARJUN,Q_M_26_176,True,31,3,2025-03-02
ARJUN,Q_M_21_258,True,55,3,2025-03-02
ARJUN,Q_M_21_186,True,56,3,2025-03-02
ARJUN,Q_M_23_041,True,47,2,2025-03-02
ARJUN,Q_M_04_208,False,141,2,2025-03-02
ARJUN,Q_M_04_074,False,122,2,2025-03-02
ARJUN,Q_M_24_052,True,62,2,2025-03-02
ARJUN,Q_M_20_133,False,129,2,2025-03-02
ARJUN,Q_M_10_019,True,88,2,2025-03-02
ARJUN,Q_M_18_149,True,96,2,2025-03-02
ARJUN,Q_M_06_157,True,142,1,2025-03-02
ARJUN,Q_M_15_007,False,128,2,2025-03-02
ARJUN,Q_M_16_297,True,53,3,2025-03-09
ARJUN,Q_M_16_117,True,50,3,2025-03-09
ARJUN,Q_M_01_112,False,121,3,2025-03-09
ARJUN,Q_M_01_078,True,76,3,2025-03-09
ARJUN,Q_M_26_070,True,33,2,2025-03-09
ARJUN,Q_M_21_126,True,45,3,2025-03-09
ARJUN,Q_M_21_174,True,52,2,2025-03-09
ARJUN,Q_M_23_063,True,41,2,2025-03-09
ARJUN,Q_M_04_141,True,77,3,2025-03-09
ARJUN,Q_M_04_031,False,152,2,2025-03-09
ARJUN,Q_M_22_106,True,70,2,2025-03-09
ARJUN,Q_M_24_106,False,145,2,2025-03-09
ARJUN,Q_M_20_153,False,125,2,2025-03-09
ARJUN,Q_M_10_013,True,77,2,2025-03-09
ARJUN,Q_M_18_091,False,156,2,2025-03-09
ARJUN,Q_M_25_044,False,199,1,2025-03-09
ARJUN,Q_M_06_166,False,179,2,2025-03-09
ARJUN,Q_M_16_026,True,47,3,2025-03-16
ARJUN,Q_M_16_314,True,30,3,2025-03-16
ARJUN,Q_M_01_239,True,51,3,2025-03-16
ARJUN,Q_M_01_317,True,68,3,2025-03-16
ARJUN,Q_M_26_056,True,47,3,2025-03-16
ARJUN,Q_M_21_118,False,94,3,2025-03-16
ARJUN,Q_M_21_074,True,65,2,2025-03-16
ARJUN,Q_M_23_032,True,63,2,2025-03-16
ARJUN,Q_M_04_010,True,81,2,2025-03-16
ARJUN,Q_M_22_078,False,142,2,2025-03-16
ARJUN,Q_M_24_157,True,89,2,2025-03-16
ARJUN,Q_M_20_156,False,133,2,2025-03-16
ARJUN,Q_M_10_118,True,81,2,2025-03-16
ARJUN,Q_M_18_160,True,106,2,2025-03-16
ARJUN,Q_M_06_124,False,217,1,2025-03-16
ARJUN,Q_M_13_019,False,172,1,2025-03-16
ARJUN,Q_M_05_083,True,141,1,2025-03-16
ARJUN,Q_M_16_273,True,68,3,2025-03-23
ARJUN,Q_M_16_083,False,95,3,2025-03-23
ARJUN,Q_M_01_144,True,54,3,2025-03-23
ARJUN,Q_M_01_319,False,83,3,2025-03-23
ARJUN,Q_M_26_019,True,41,3,2025-03-23
ARJUN,Q_M_21_176,False,97,2,2025-03-23
ARJUN,Q_M_21_119,True,63,2,2025-03-23
ARJUN,Q_M_23_056,True,79,3,2025-03-23
ARJUN,Q_M_04_068,True,95,2,2025-03-23
ARJUN,Q_M_22_032,True,62,2,2025-03-23
ARJUN,Q_M_24_149,True,65,2,2025-03-23
ARJUN,Q_M_20_030,True,210,2,2025-03-23
ARJUN,Q_M_10_056,True,85,2,2025-03-23
ARJUN,Q_M_18_125,False,120,2,2025-03-23
ARJUN,Q_M_06_143,False,205,1,2025-03-23
ARJUN,Q_M_08_055,True,120,2,2025-03-23
ARJUN,Q_M_13_078,True,115,1,2025-03-23
ARJUN,Q_M_16_094,True,60,3,2025-03-30
ARJUN,Q_M_16_158,True,65,2,2025-03-30
ARJUN,Q_M_01_006,True,76,3,2025-03-30
ARJUN,Q_M_01_325,True,72,3,2025-03-30
ARJUN,Q_M_26_016,True,75,3,2025-03-30
ARJUN,Q_M_21_114,True,56,2,2025-03-30
ARJUN,Q_M_21_061,False,67,3,2025-03-30
ARJUN,Q_M_23_054,True,56,3,2025-03-30
ARJUN,Q_M_04_019,False,141,2,2025-03-30
ARJUN,Q_M_22_097,True,80,2,2025-03-30
ARJUN,Q_M_24_061,True,84,2,2025-03-30
ARJUN,Q_M_20_052,False,88,2,2025-03-30
ARJUN,Q_M_10_079,True,96,2,2025-03-30
ARJUN,Q_M_18_097,False,183,2,2025-03-30
ARJUN,Q_M_25_013,False,160,2,2025-03-30
ARJUN,Q_M_06_091,False,45,2,2025-03-30
ARJUN,Q_M_08_063,False,29,1,2025-03-30
ARJUN,Q_M_16_210,True,54,3,2025-04-06
ARJUN,Q_M_16_079,True,47,3,2025-04-06
ARJUN,Q_M_01_064,True,69,2,2025-04-06
ARJUN,Q_M_01_148,True,57,3,2025-04-06
ARJUN,Q_M_26_061,False,132,3,2025-04-06
ARJUN,Q_M_21_007,False,179,2,2025-04-06
ARJUN,Q_M_21_031,False,89,2,2025-04-06
ARJUN,Q_M_23_011,True,69,2,2025-04-06
ARJUN,Q_M_04_067,False,151,2,2025-04-06
ARJUN,Q_M_22_090,True,49,2,2025-04-06
ARJUN,Q_M_24_016,False,128,2,2025-04-06
ARJUN,Q_M_20_102,True,98,2,2025-04-06
ARJUN,Q_M_10_074,True,95,2,2025-04-06
ARJUN,Q_M_18_173,True,95,2,2025-04-06
ARJUN,Q_M_25_050,False,195,1,2025-04-06
ARJUN,Q_M_06_110,False,226,2,2025-04-06
ARJUN,Q_M_16_006,False,138,3,2025-04-13
ARJUN,Q_M_16_320,True,58,3,2025-04-13
ARJUN,Q_M_01_115,True,53,3,2025-04-13
ARJUN,Q_M_01_326,True,68,3,2025-04-13
ARJUN,Q_M_26_163,True,67,3,2025-04-13
ARJUN,Q_M_21_085,True,92,2,2025-04-13
ARJUN,Q_M_21_067,True,68,3,2025-04-13
ARJUN,Q_M_23_012,True,52,3,2025-04-13
ARJUN,Q_M_04_080,True,76,2,2025-04-13
ARJUN,Q_M_04_026,True,104,2,2025-04-13
ARJUN,Q_M_22_089,False,64,2,2025-04-13
ARJUN,Q_M_24_134,True,86,2,2025-04-13
ARJUN,Q_M_20_020,False,120,2,2025-04-13
ARJUN,Q_M_10_037,True,105,2,2025-04-13
ARJUN,Q_M_18_190,False,146,2,2025-04-13
ARJUN,Q_M_06_042,True,146,1,2025-04-13
ARJUN,Q_M_13_005,False,176,1,2025-04-13
ARJUN,Q_M_16_047,True,76,3,2025-04-20
ARJUN,Q_M_16_091,True,70,3,2025-04-20
ARJUN,Q_M_01_102,True,71,2,2025-04-20
ARJUN,Q_M_01_140,True,82,3,2025-04-20
ARJUN,Q_M_26_116,False,87,3,2025-04-20
ARJUN,Q_M_21_212,True,30,3,2025-04-20
ARJUN,Q_M_21_145,True,98,3,2025-04-20
ARJUN,Q_M_23_091,False,123,2,2025-04-20
ARJUN,Q_M_04_114,True,93,3,2025-04-20
ARJUN,Q_M_22_071,True,110,2,2025-04-20
ARJUN,Q_M_24_046,True,99,2,2025-04-20
ARJUN,Q_M_20_135,True,54,2,2025-04-20
ARJUN,Q_M_10_127,True,79,2,2025-04-20
ARJUN,Q_M_18_148,True,91,1,2025-04-20
ARJUN,Q_M_25_004,False,41,2,2025-04-20
ARJUN,Q_M_06_016,False,231,1,2025-04-20
MEERA,Q_M_16_133,False,96,2,2025-01-12
MEERA,Q_M_21_180,True,60,3,2025-01-12
MEERA,Q_M_14_191,False,82,2,2025-01-12
MEERA,Q_M_02_216,False,86,2,2025-01-12
MEERA,Q_M_04_216,True,42,3,2025-01-12
MEERA,Q_M_00_010,True,70,2,2025-01-12
MEERA,Q_M_18_112,True,66,2,2025-01-12
MEERA,Q_M_19_083,False,185,2,2025-01-12
MEERA,Q_M_26_156,True,54,3,2025-01-12
MEERA,Q_M_06_077,True,46,2,2025-01-12
MEERA,Q_M_24_138,True,47,2,2025-01-12
MEERA,Q_M_20_136,False,98,2,2025-01-12
MEERA,Q_M_03_127,True,60,2,2025-01-12
MEERA,Q_M_05_119,False,181,1,2025-01-12
MEERA,Q_M_10_070,True,80,3,2025-01-12
MEERA,Q_M_23_019,True,46,3,2025-01-12
MEERA,Q_M_22_077,False,85,3,2025-01-12
MEERA,Q_M_09_063,True,126,2,2025-01-12
MEERA,Q_M_13_001,True,101,2,2025-01-12
MEERA,Q_M_11_001,True,143,1,2025-01-12
MEERA,Q_M_12_031,True,96,2,2025-01-12
MEERA,Q_M_25_032,True,94,2,2025-01-12
MEERA,Q_M_15_001,True,66,2,2025-01-12
MEERA,Q_M_01_110,True,78,2,2025-01-12
MEERA,Q_M_16_109,True,88,3,2025-01-12
MEERA,Q_M_26_005,False,129,2,2025-01-12
MEERA,Q_M_01_256,True,83,2,2025-01-19
MEERA,Q_M_07_031,True,95,2,2025-01-19
MEERA,Q_M_21_256,True,74,3,2025-01-19
MEERA,Q_M_14_070,True,79,2,2025-01-19
MEERA,Q_M_02_101,True,80,2,2025-01-19
MEERA,Q_M_04_101,True,69,2,2025-01-19
MEERA,Q_M_00_198,True,81,2,2025-01-19
MEERA,Q_M_18_178,True,75,2,2025-01-19
MEERA,Q_M_19_016,False,208,1,2025-01-19
MEERA,Q_M_26_187,False,104,3,2025-01-19
MEERA,Q_M_24_162,True,49,3,2025-01-19
MEERA,Q_M_20_132,False,127,3,2025-01-19
MEERA,Q_M_03_046,False,81,2,2025-01-19
MEERA,Q_M_05_074,False,191,1,2025-01-19
MEERA,Q_M_17_070,False,197,1,2025-01-19
MEERA,Q_M_23_090,True,83,2,2025-01-19
MEERA,Q_M_22_011,False,142,3,2025-01-19
MEERA,Q_M_09_041,True,210,1,2025-01-19
MEERA,Q_M_11_059,False,245,1,2025-01-19
MEERA,Q_M_12_001,True,75,2,2025-01-19
MEERA,Q_M_08_019,True,65,3,2025-01-19
MEERA,Q_M_25_006,False,137,2,2025-01-19
MEERA,Q_M_15_002,False,142,2,2025-01-19
MEERA,Q_M_01_077,False,152,3,2025-01-19
MEERA,Q_M_16_181,True,97,2,2025-01-19
MEERA,Q_M_26_008,True,68,2,2025-01-19
MEERA,Q_M_16_127,True,67,2,2025-01-26
MEERA,Q_M_07_254,True,94,2,2025-01-26
MEERA,Q_M_21_116,True,55,3,2025-01-26
MEERA,Q_M_14_182,False,136,2,2025-01-26
MEERA,Q_M_02_140,False,164,2,2025-01-26
MEERA,Q_M_04_140,False,76,2,2025-01-26
MEERA,Q_M_00_067,True,87,2,2025-01-26
MEERA,Q_M_18_164,True,67,2,2025-01-26
MEERA,Q_M_19_112,False,190,2,2025-01-26
MEERA,Q_M_26_141,True,46,2,2025-01-26
MEERA,Q_M_06_139,True,78,2,2025-01-26
MEERA,Q_M_24_031,True,95,2,2025-01-26
MEERA,Q_M_20_116,True,80,2,2025-01-26
MEERA,Q_M_03_112,False,95,1,2025-01-26
MEERA,Q_M_05_019,False,162,1,2025-01-26
MEERA,Q_M_10_020,True,77,2,2025-01-26
MEERA,Q_M_17_032,False,188,1,2025-01-26
MEERA,Q_M_09_095,False,203,1,2025-01-26
MEERA,Q_M_11_023,False,41,1,2025-01-26
MEERA,Q_M_12_023,True,94,2,2025-01-26
MEERA,Q_M_08_001,True,80,2,2025-01-26
MEERA,Q_M_25_033,False,122,2,2025-01-26
MEERA,Q_M_15_003,True,100,2,2025-01-26
MEERA,Q_M_01_058,False,97,2,2025-01-26
MEERA,Q_M_16_220,True,65,3,2025-01-26
MEERA,Q_M_26_011,False,92,2,2025-01-26
MEERA,Q_M_01_275,True,87,2,2025-02-02
MEERA,Q_M_16_010,False,128,3,2025-02-02
MEERA,Q_M_21_097,False,139,3,2025-02-02
MEERA,Q_M_14_230,True,85,2,2025-02-02
MEERA,Q_M_02_179,True,120,2,2025-02-02
MEERA,Q_M_04_016,False,89,2,2025-02-02
MEERA,Q_M_00_192,True,100,2,2025-02-02
MEERA,Q_M_18_121,False,119,2,2025-02-02
MEERA,Q_M_19_178,False,176,1,2025-02-02
MEERA,Q_M_26_114,True,78,2,2025-02-02
MEERA,Q_M_06_153,True,72,2,2025-02-02
MEERA,Q_M_24_120,True,59,2,2025-02-02
MEERA,Q_M_20_056,True,45,2,2025-02-02
MEERA,Q_M_03_134,True,79,1,2025-02-02
MEERA,Q_M_05_142,False,180,2,2025-02-02
MEERA,Q_M_17_043,False,130,2,2025-02-02
MEERA,Q_M_23_046,True,72,2,2025-02-02
MEERA,Q_M_22_005,True,97,2,2025-02-02
MEERA,Q_M_09_019,False,225,1,2025-02-02
MEERA,Q_M_13_023,False,140,2,2025-02-02
MEERA,Q_M_12_032,True,89,2,2025-02-02
MEERA,Q_M_08_029,False,147,2,2025-02-02
MEERA,Q_M_25_014,False,111,2,2025-02-02
MEERA,Q_M_01_183,True,110,2,2025-02-02
MEERA,Q_M_16_197,True,102,3,2025-02-02
MEERA,Q_M_07_080,True,78,2,2025-02-02
MEERA,Q_M_16_267,True,61,3,2025-02-09
MEERA,Q_M_07_102,True,67,2,2025-02-09
MEERA,Q_M_21_025,True,61,3,2025-02-09
MEERA,Q_M_14_227,True,55,2,2025-02-09
MEERA,Q_M_02_016,True,81,2,2025-02-09
MEERA,Q_M_00_118,True,92,2,2025-02-09
MEERA,Q_M_18_174,False,64,3,2025-02-09
MEERA,Q_M_19_077,True,139,2,2025-02-09
MEERA,Q_M_26_171,True,71,3,2025-02-09
MEERA,Q_M_06_086,False,152,2,2025-02-09
MEERA,Q_M_24_030,True,68,2,2025-02-09
MEERA,Q_M_03_030,False,165,1,2025-02-09
MEERA,Q_M_05_079,True,133,2,2025-02-09
MEERA,Q_M_10_109,True,98,2,2025-02-09
MEERA,Q_M_17_118,True,121,2,2025-02-09
MEERA,Q_M_23_048,True,79,3,2025-02-09
MEERA,Q_M_22_095,True,64,2,2025-02-09
MEERA,Q_M_09_091,False,202,1,2025-02-09
MEERA,Q_M_13_083,False,141,2,2025-02-09
MEERA,Q_M_11_074,True,108,1,2025-02-09
MEERA,Q_M_12_019,True,88,2,2025-02-09
MEERA,Q_M_08_051,True,72,2,2025-02-09
MEERA,Q_M_15_005,True,64,2,2025-02-09
MEERA,Q_M_01_199,True,123,3,2025-02-09
MEERA,Q_M_16_145,True,82,3,2025-02-09
MEERA,Q_M_07_196,True,94,2,2025-02-09
MEERA,Q_M_01_073,True,90,2,2025-02-16
MEERA,Q_M_16_180,False,55,3,2025-02-16
MEERA,Q_M_07_115,True,66,2,2025-02-16
MEERA,Q_M_21_010,True,71,2,2025-02-16
MEERA,Q_M_14_010,False,120,2,2025-02-16
MEERA,Q_M_02_155,True,97,2,2025-02-16
MEERA,Q_M_04_155,True,60,2,2025-02-16
MEERA,Q_M_00_183,True,71,2,2025-02-16
MEERA,Q_M_18_083,True,84,2,2025-02-16
MEERA,Q_M_19_164,False,205,1,2025-02-16
MEERA,Q_M_26_017,True,62,2,2025-02-16
MEERA,Q_M_06_115,True,73,2,2025-02-16
MEERA,Q_M_24_143,False,180,2,2025-02-16
MEERA,Q_M_20_158,False,125,2,2025-02-16
MEERA,Q_M_03_096,False,164,1,2025-02-16
MEERA,Q_M_05_077,False,213,2,2025-02-16
MEERA,Q_M_10_141,True,62,2,2025-02-16
MEERA,Q_M_17_128,False,178,1,2025-02-16
MEERA,Q_M_22_079,True,56,3,2025-02-16
MEERA,Q_M_09_082,False,225,1,2025-02-16
MEERA,Q_M_13_013,True,110,2,2025-02-16
MEERA,Q_M_12_029,False,116,2,2025-02-16
MEERA,Q_M_08_011,False,128,2,2025-02-16
MEERA,Q_M_25_042,False,95,2,2025-02-16
MEERA,Q_M_15_004,True,110,2,2025-02-16
MEERA,Q_M_01_010,True,79,2,2025-02-16
MEERA,Q_M_16_165,True,85,3,2025-02-16
MEERA,Q_M_01_272,False,125,2,2025-02-23
MEERA,Q_M_16_227,True,57,3,2025-02-23
MEERA,Q_M_07_061,True,55,2,2025-02-23
MEERA,Q_M_21_140,True,69,3,2025-02-23
MEERA,Q_M_14_128,True,64,2,2025-02-23
MEERA,Q_M_02_171,True,97,2,2025-02-23
MEERA,Q_M_04_171,False,135,3,2025-02-23
MEERA,Q_M_19_069,False,193,1,2025-02-23
MEERA,Q_M_26_076,False,89,2,2025-02-23
MEERA,Q_M_06_032,True,67,2,2025-02-23
MEERA,Q_M_24_165,True,52,2,2025-02-23
MEERA,Q_M_20_146,False,114,3,2025-02-23
MEERA,Q_M_03_098,True,103,2,2025-02-23
MEERA,Q_M_05_032,False,171,1,2025-02-23
MEERA,Q_M_10_085,True,87,2,2025-02-23
MEERA,Q_M_17_109,True,119,1,2025-02-23
MEERA,Q_M_23_005,True,77,2,2025-02-23
MEERA,Q_M_22_080,True,103,3,2025-02-23
MEERA,Q_M_09_094,True,154,1,2025-02-23
MEERA,Q_M_13_073,True,141,2,2025-02-23
MEERA,Q_M_11_019,False,31,1,2025-02-23
MEERA,Q_M_08_035,True,74,3,2025-02-23
MEERA,Q_M_01_173,True,101,2,2025-02-23
MEERA,Q_M_16_125,True,82,2,2025-02-23
MEERA,Q_M_07_046,True,78,2,2025-02-23
MEERA,Q_M_21_046,True,88,3,2025-02-23
MEERA,Q_M_14_110,True,84,2,2025-02-23
MEERA,Q_M_01_203,True,89,2,2025-03-02
MEERA,Q_M_16_187,True,51,2,2025-03-02
MEERA,Q_M_07_074,True,86,2,2025-03-02
MEERA,Q_M_21_258,False,95,2,2025-03-02
MEERA,Q_M_14_094,True,108,2,2025-03-02
MEERA,Q_M_04_208,True,80,3,2025-03-02
MEERA,Q_M_00_171,False,77,2,2025-03-02
MEERA,Q_M_18_149,True,78,2,2025-03-02
MEERA,Q_M_19_068,False,162,1,2025-03-02
MEERA,Q_M_26_176,True,63,2,2025-03-02
MEERA,Q_M_24_052,True,77,3,2025-03-02
MEERA,Q_M_20_133,False,110,3,2025-03-02
MEERA,Q_M_03_139,True,82,1,2025-03-02
MEERA,Q_M_05_065,False,191,1,2025-03-02
MEERA,Q_M_10_019,True,91,2,2025-03-02
MEERA,Q_M_17_124,False,195,2,2025-03-02
MEERA,Q_M_23_041,True,63,2,2025-03-02
MEERA,Q_M_13_011,False,132,2,2025-03-02
MEERA,Q_M_12_011,True,79,2,2025-03-02
MEERA,Q_M_08_013,True,46,2,2025-03-02
MEERA,Q_M_15_007,True,64,2,2025-03-02
MEERA,Q_M_01_076,True,89,2,2025-03-02
MEERA,Q_M_16_303,False,109,3,2025-03-02
MEERA,Q_M_07_183,True,86,2,2025-03-02
MEERA,Q_M_21_186,True,75,2,2025-03-02
MEERA,Q_M_14_151,False,153,2,2025-03-02
MEERA,Q_M_04_074,False,120,2,2025-03-02
MEERA,Q_M_16_297,False,106,3,2025-03-09
MEERA,Q_M_21_126,False,125,3,2025-03-09
MEERA,Q_M_14_016,False,96,2,2025-03-09
MEERA,Q_M_02_208,False,140,2,2025-03-09
MEERA,Q_M_04_141,True,92,3,2025-03-09
MEERA,Q_M_00_016,False,146,2,2025-03-09
MEERA,Q_M_18_091,False,168,2,2025-03-09
MEERA,Q_M_19_174,True,168,2,2025-03-09
MEERA,Q_M_26_070,True,82,3,2025-03-09
MEERA,Q_M_24_106,True,83,2,2025-03-09
MEERA,Q_M_20_153,False,95,2,2025-03-09
MEERA,Q_M_03_095,True,99,2,2025-03-09
MEERA,Q_M_05_069,True,91,1,2025-03-09
MEERA,Q_M_10_013,False,79,2,2025-03-09
MEERA,Q_M_17_126,True,215,2,2025-03-09
MEERA,Q_M_22_106,True,36,3,2025-03-09
MEERA,Q_M_11_005,False,227,2,2025-03-09
MEERA,Q_M_25_044,False,149,2,2025-03-09
MEERA,Q_M_01_112,True,82,2,2025-03-09
MEERA,Q_M_16_117,True,79,2,2025-03-09
MEERA,Q_M_07_085,True,104,2,2025-03-09
MEERA,Q_M_21_174,True,89,3,2025-03-09
MEERA,Q_M_14_056,False,180,2,2025-03-09
MEERA,Q_M_02_031,True,77,2,2025-03-09
MEERA,Q_M_04_031,True,99,2,2025-03-09
MEERA,Q_M_00_087,False,146,2,2025-03-09
MEERA,Q_M_01_317,True,98,2,2025-03-16
MEERA,Q_M_16_026,True,55,2,2025-03-16
MEERA,Q_M_07_043,False,146,2,2025-03-16
MEERA,Q_M_21_118,True,69,2,2025-03-16
MEERA,Q_M_14_031,True,58,2,2025-03-16
MEERA,Q_M_02_010,True,92,2,2025-03-16
MEERA,Q_M_04_010,True,83,2,2025-03-16
MEERA,Q_M_00_076,False,84,2,2025-03-16
MEERA,Q_M_18_160,False,79,3,2025-03-16
MEERA,Q_M_19_121,True,144,1,2025-03-16
MEERA,Q_M_26_056,True,99,3,2025-03-16
MEERA,Q_M_06_124,True,75,2,2025-03-16
MEERA,Q_M_24_157,True,81,2,2025-03-16
MEERA,Q_M_20_156,False,104,2,2025-03-16
MEERA,Q_M_03_020,True,126,1,2025-03-16
MEERA,Q_M_05_083,False,201,1,2025-03-16
MEERA,Q_M_10_118,True,80,2,2025-03-16
MEERA,Q_M_17_110,False,20,1,2025-03-16
MEERA,Q_M_23_032,True,68,2,2025-03-16
MEERA,Q_M_13_019,False,120,2,2025-03-16
MEERA,Q_M_11_041,False,188,1,2025-03-16
MEERA,Q_M_12_005,False,171,2,2025-03-16
MEERA,Q_M_16_314,True,58,3,2025-03-16
MEERA,Q_M_07_010,False,110,2,2025-03-16
MEERA,Q_M_21_074,True,61,3,2025-03-16
MEERA,Q_M_14_149,True,83,2,2025-03-16
MEERA,Q_M_02_068,True,98,2,2025-03-16
MEERA,Q_M_01_319,True,76,2,2025-03-23
MEERA,Q_M_16_273,False,75,3,2025-03-23
MEERA,Q_M_07_207,True,88,2,2025-03-23
MEERA,Q_M_21_176,False,128,2,2025-03-23
MEERA,Q_M_14_020,True,61,2,2025-03-23
MEERA,Q_M_02_178,True,70,2,2025-03-23
MEERA,Q_M_04_068,True,70,2,2025-03-23
MEERA,Q_M_00_145,True,92,2,2025-03-23
MEERA,Q_M_18_125,True,65,2,2025-03-23
MEERA,Q_M_26_019,True,75,2,2025-03-23
MEERA,Q_M_06_143,False,154,2,2025-03-23
MEERA,Q_M_24_149,True,77,2,2025-03-23
MEERA,Q_M_20_030,False,63,2,2025-03-23
MEERA,Q_M_03_057,False,143,2,2025-03-23
MEERA,Q_M_05_111,True,103,2,2025-03-23
MEERA,Q_M_10_056,True,55,3,2025-03-23
MEERA,Q_M_17_078,False,212,1,2025-03-23
MEERA,Q_M_23_056,True,53,2,2025-03-23
MEERA,Q_M_09_098,False,195,1,2025-03-23
MEERA,Q_M_13_078,False,131,2,2025-03-23
MEERA,Q_M_12_013,True,87,2,2025-03-23
MEERA,Q_M_08_055,True,95,3,2025-03-23
MEERA,Q_M_01_144,False,94,2,2025-03-23
MEERA,Q_M_07_119,True,76,2,2025-03-23
MEERA,Q_M_21_119,True,76,3,2025-03-23
MEERA,Q_M_14_113,True,117,2,2025-03-23
MEERA,Q_M_02_174,True,121,2,2025-03-23
MEERA,Q_M_01_325,False,117,3,2025-03-30
MEERA,Q_M_16_094,False,130,3,2025-03-30
MEERA,Q_M_07_023,True,72,2,2025-03-30
MEERA,Q_M_14_025,True,80,2,2025-03-30
MEERA,Q_M_02_190,False,123,2,2025-03-30
MEERA,Q_M_04_019,True,81,2,2025-03-30
MEERA,Q_M_00_142,False,99,2,2025-03-30
MEERA,Q_M_19_149,True,113,1,2025-03-30
MEERA,Q_M_26_016,True,80,2,2025-03-30
MEERA,Q_M_06_091,True,61,2,2025-03-30
MEERA,Q_M_24_061,False,87,2,2025-03-30
MEERA,Q_M_03_016,True,69,2,2025-03-30
MEERA,Q_M_05_133,False,134,1,2025-03-30
MEERA,Q_M_10_079,False,134,2,2025-03-30
MEERA,Q_M_17_057,True,110,2,2025-03-30
MEERA,Q_M_23_054,True,55,3,2025-03-30
MEERA,Q_M_22_097,True,73,3,2025-03-30
MEERA,Q_M_09_096,True,144,1,2025-03-30
MEERA,Q_M_08_063,True,73,2,2025-03-30
MEERA,Q_M_25_013,True,57,2,2025-03-30
MEERA,Q_M_01_006,True,62,2,2025-03-30
MEERA,Q_M_16_158,False,131,3,2025-03-30
MEERA,Q_M_07_156,True,86,2,2025-03-30
MEERA,Q_M_21_061,True,54,3,2025-03-30
MEERA,Q_M_14_011,True,125,2,2025-03-30
MEERA,Q_M_02_019,True,90,2,2025-03-30
MEERA,Q_M_01_148,True,93,2,2025-04-06
MEERA,Q_M_16_210,False,104,2,2025-04-06
MEERA,Q_M_07_025,False,121,2,2025-04-06
MEERA,Q_M_14_096,True,46,2,2025-04-06
MEERA,Q_M_02_212,False,68,2,2025-04-06
MEERA,Q_M_04_067,False,103,2,2025-04-06
MEERA,Q_M_00_074,False,108,2,2025-04-06
MEERA,Q_M_18_173,True,79,2,2025-04-06
MEERA,Q_M_19_066,False,186,2,2025-04-06
MEERA,Q_M_26_061,True,79,2,2025-04-06
MEERA,Q_M_06_110,True,62,2,2025-04-06
MEERA,Q_M_24_016,False,80,2,2025-04-06
MEERA,Q_M_03_070,True,72,2,2025-04-06
MEERA,Q_M_10_074,True,69,2,2025-04-06
MEERA,Q_M_17_041,False,193,1,2025-04-06
MEERA,Q_M_23_011,True,83,3,2025-04-06
MEERA,Q_M_22_090,True,56,3,2025-04-06
MEERA,Q_M_13_085,False,158,1,2025-04-06
MEERA,Q_M_11_071,False,232,1,2025-04-06
MEERA,Q_M_12_068,False,93,2,2025-04-06
MEERA,Q_M_08_060,False,104,2,2025-04-06
MEERA,Q_M_25_050,False,131,2,2025-04-06
MEERA,Q_M_01_064,True,96,2,2025-04-06
MEERA,Q_M_16_079,False,124,3,2025-04-06
MEERA,Q_M_07_169,True,88,2,2025-04-06
MEERA,Q_M_21_031,True,69,3,2025-04-06
MEERA,Q_M_01_326,True,56,2,2025-04-13
MEERA,Q_M_16_006,False,96,2,2025-04-13
MEERA,Q_M_21_085,True,61,3,2025-04-13
MEERA,Q_M_02_156,True,67,2,2025-04-13
MEERA,Q_M_00_179,False,189,2,2025-04-13
MEERA,Q_M_18_190,True,83,2,2025-04-13
MEERA,Q_M_19_091,False,187,2,2025-04-13
MEERA,Q_M_26_163,True,55,3,2025-04-13
MEERA,Q_M_06_042,True,45,2,2025-04-13
MEERA,Q_M_24_134,True,81,2,2025-04-13
MEERA,Q_M_20_020,True,61,2,2025-04-13
MEERA,Q_M_03_025,True,77,1,2025-04-13
MEERA,Q_M_05_037,False,152,1,2025-04-13
MEERA,Q_M_10_037,True,94,2,2025-04-13
MEERA,Q_M_17_013,False,168,2,2025-04-13
MEERA,Q_M_23_012,True,52,3,2025-04-13
MEERA,Q_M_22_089,True,73,2,2025-04-13
MEERA,Q_M_09_092,False,189,1,2025-04-13
MEERA,Q_M_13_005,True,119,2,2025-04-13
MEERA,Q_M_11_048,False,38,1,2025-04-13
MEERA,Q_M_01_115,True,92,2,2025-04-13
MEERA,Q_M_16_320,True,57,2,2025-04-13
MEERA,Q_M_07_069,True,86,2,2025-04-13
MEERA,Q_M_21_067,True,69,3,2025-04-13
MEERA,Q_M_14_157,False,143,2,2025-04-13
MEERA,Q_M_02_067,True,77,2,2025-04-13
MEERA,Q_M_04_026,True,52,2,2025-04-13
MEERA,Q_M_01_140,False,69,2,2025-04-20
MEERA,Q_M_16_047,True,64,3,2025-04-20
MEERA,Q_M_07_264,True,95,2,2025-04-20
MEERA,Q_M_21_212,True,85,3,2025-04-20
MEERA,Q_M_14_026,True,66,2,2025-04-20
MEERA,Q_M_02_144,True,71,2,2025-04-20
MEERA,Q_M_04_114,True,58,3,2025-04-20
MEERA,Q_M_00_168,True,140,2,2025-04-20
MEERA,Q_M_18_148,True,77,3,2025-04-20
MEERA,Q_M_26_116,True,52,2,2025-04-20
MEERA,Q_M_24_046,True,76,3,2025-04-20
MEERA,Q_M_20_135,True,69,2,2025-04-20
MEERA,Q_M_03_031,False,120,2,2025-04-20
MEERA,Q_M_05_010,False,216,2,2025-04-20
MEERA,Q_M_10_127,False,73,3,2025-04-20
MEERA,Q_M_17_129,False,169,1,2025-04-20
MEERA,Q_M_23_091,True,43,3,2025-04-20
MEERA,Q_M_22_071,True,75,3,2025-04-20
MEERA,Q_M_11_036,True,125,1,2025-04-20
MEERA,Q_M_12_050,True,100,2,2025-04-20
MEERA,Q_M_08_048,True,70,2,2025-04-20
MEERA,Q_M_25_004,False,115,2,2025-04-20
MEERA,Q_M_01_102,True,89,2,2025-04-20
MEERA,Q_M_16_091,False,166,3,2025-04-20
MEERA,Q_M_21_145,True,60,3,2025-04-20
MEERA,Q_M_14_087,True,93,2,2025-04-20
MEERA,Q_M_02_080,True,99,2,2025-04-20
RAHUL,Q_M_01_026,False,140,1,2025-01-12
RAHUL,Q_M_07_127,False,146,1,2025-01-12
RAHUL,Q_M_14_191,False,187,1,2025-01-12
RAHUL,Q_M_04_216,False,165,2,2025-01-12
RAHUL,Q_M_00_010,False,26,1,2025-01-12
RAHUL,Q_M_19_083,False,238,1,2025-01-12
RAHUL,Q_M_26_156,True,84,1,2025-01-12
RAHUL,Q_M_24_138,True,82,2,2025-01-12
RAHUL,Q_M_03_127,True,126,1,2025-01-12
RAHUL,Q_M_05_119,True,80,2,2025-01-12
RAHUL,Q_M_17_052,False,252,1,2025-01-12
RAHUL,Q_M_23_019,False,142,2,2025-01-12
RAHUL,Q_M_22_077,False,92,2,2025-01-12
RAHUL,Q_M_13_001,False,170,1,2025-01-12
RAHUL,Q_M_11_001,False,26,1,2025-01-12
RAHUL,Q_M_12_031,True,122,1,2025-01-12
RAHUL,Q_M_08_005,False,154,1,2025-01-12
RAHUL,Q_M_15_001,False,33,1,2025-01-12
RAHUL,Q_M_01_110,True,103,2,2025-01-12
RAHUL,Q_M_16_109,False,212,2,2025-01-12
RAHUL,Q_M_26_005,False,147,2,2025-01-12
RAHUL,Q_M_01_256,True,102,1,2025-01-19
RAHUL,Q_M_07_031,False,163,1,2025-01-19
RAHUL,Q_M_14_070,False,171,1,2025-01-19
RAHUL,Q_M_02_101,True,121,1,2025-01-19
RAHUL,Q_M_04_101,False,166,2,2025-01-19
RAHUL,Q_M_18_178,True,84,1,2025-01-19
RAHUL,Q_M_19_016,False,29,1,2025-01-19
RAHUL,Q_M_26_187,False,168,2,2025-01-19
RAHUL,Q_M_06_061,False,185,2,2025-01-19
RAHUL,Q_M_20_132,True,75,2,2025-01-19
RAHUL,Q_M_10_028,True,87,2,2025-01-19
RAHUL,Q_M_17_070,False,193,1,2025-01-19
RAHUL,Q_M_23_090,False,88,2,2025-01-19
RAHUL,Q_M_22_011,True,73,1,2025-01-19
RAHUL,Q_M_09_041,False,232,1,2025-01-19
RAHUL,Q_M_13_069,False,112,1,2025-01-19
RAHUL,Q_M_11_059,False,221,1,2025-01-19
RAHUL,Q_M_12_001,False,222,1,2025-01-19
RAHUL,Q_M_08_019,True,89,1,2025-01-19
RAHUL,Q_M_15_002,True,42,1,2025-01-19
RAHUL,Q_M_16_181,False,113,1,2025-01-19
RAHUL,Q_M_01_197,True,108,1,2025-01-26
RAHUL,Q_M_21_116,True,72,2,2025-01-26
RAHUL,Q_M_14_182,False,39,1,2025-01-26
RAHUL,Q_M_02_140,True,131,1,2025-01-26
RAHUL,Q_M_00_067,False,48,1,2025-01-26
RAHUL,Q_M_19_112,False,215,1,2025-01-26
RAHUL,Q_M_06_139,False,195,2,2025-01-26
RAHUL,Q_M_24_031,False,167,2,2025-01-26
RAHUL,Q_M_20_116,False,181,2,2025-01-26
RAHUL,Q_M_03_112,False,47,1,2025-01-26
RAHUL,Q_M_05_019,True,120,1,2025-01-26
RAHUL,Q_M_10_020,False,169,2,2025-01-26
RAHUL,Q_M_17_032,False,205,1,2025-01-26
RAHUL,Q_M_09_095,True,248,1,2025-01-26
RAHUL,Q_M_13_079,True,184,1,2025-01-26
RAHUL,Q_M_11_023,False,201,1,2025-01-26
RAHUL,Q_M_12_023,False,35,1,2025-01-26
RAHUL,Q_M_08_001,True,98,2,2025-01-26
RAHUL,Q_M_25_033,True,75,1,2025-01-26
RAHUL,Q_M_16_220,True,117,1,2025-01-26
RAHUL,Q_M_16_010,True,139,1,2025-02-02
RAHUL,Q_M_07_145,False,132,1,2025-02-02
RAHUL,Q_M_21_097,False,156,2,2025-02-02
RAHUL,Q_M_14_230,False,177,1,2025-02-02
RAHUL,Q_M_04_016,False,160,1,2025-02-02
RAHUL,Q_M_00_192,True,26,1,2025-02-02
RAHUL,Q_M_18_121,False,140,1,2025-02-02
RAHUL,Q_M_19_178,False,187,1,2025-02-02
RAHUL,Q_M_06_153,False,160,1,2025-02-02
RAHUL,Q_M_24_120,False,135,2,2025-02-02
RAHUL,Q_M_20_056,False,133,2,2025-02-02
RAHUL,Q_M_03_134,False,230,1,2025-02-02
RAHUL,Q_M_09_019,True,141,1,2025-02-02
RAHUL,Q_M_13_023,False,234,1,2025-02-02
RAHUL,Q_M_12_032,False,20,1,2025-02-02
RAHUL,Q_M_08_029,False,172,1,2025-02-02
RAHUL,Q_M_25_014,False,168,1,2025-02-02
RAHUL,Q_M_15_006,True,149,2,2025-02-02
RAHUL,Q_M_01_183,False,42,1,2025-02-02
RAHUL,Q_M_07_080,False,34,1,2025-02-02
RAHUL,Q_M_07_102,False,222,1,2025-02-09
RAHUL,Q_M_21_025,False,56,2,2025-02-09
RAHUL,Q_M_14_227,False,157,1,2025-02-09
RAHUL,Q_M_02_016,False,224,1,2025-02-09
RAHUL,Q_M_04_179,True,73,2,2025-02-09
RAHUL,Q_M_18_174,False,168,1,2025-02-09
RAHUL,Q_M_19_077,False,118,1,2025-02-09
RAHUL,Q_M_06_086,True,124,2,2025-02-09
RAHUL,Q_M_24_030,True,92,2,2025-02-09
RAHUL,Q_M_20_096,False,133,2,2025-02-09
RAHUL,Q_M_05_079,False,180,1,2025-02-09
RAHUL,Q_M_10_109,False,160,1,2025-02-09
RAHUL,Q_M_17_118,False,221,1,2025-02-09
RAHUL,Q_M_22_095,True,106,2,2025-02-09
RAHUL,Q_M_12_019,False,204,1,2025-02-09
RAHUL,Q_M_08_051,True,75,2,2025-02-09
RAHUL,Q_M_15_005,True,104,1,2025-02-09
RAHUL,Q_M_01_199,False,188,1,2025-02-09
RAHUL,Q_M_16_145,True,111,1,2025-02-09
RAHUL,Q_M_07_196,False,35,1,2025-02-09
RAHUL,Q_M_01_073,True,86,1,2025-02-16
RAHUL,Q_M_16_180,False,169,1,2025-02-16
RAHUL,Q_M_07_115,False,191,1,2025-02-16
RAHUL,Q_M_21_010,False,164,2,2025-02-16
RAHUL,Q_M_14_010,False,153,1,2025-02-16
RAHUL,Q_M_04_155,False,169,2,2025-02-16
RAHUL,Q_M_00_183,False,213,1,2025-02-16
RAHUL,Q_M_18_083,False,187,2,2025-02-16
RAHUL,Q_M_19_164,False,28,1,2025-02-16
RAHUL,Q_M_26_017,False,181,2,2025-02-16
RAHUL,Q_M_24_143,True,91,2,2025-02-16
RAHUL,Q_M_20_158,True,95,2,2025-02-16
RAHUL,Q_M_17_128,False,215,1,2025-02-16
RAHUL,Q_M_23_120,True,66,2,2025-02-16
RAHUL,Q_M_22_079,False,118,2,2025-02-16
RAHUL,Q_M_11_011,False,37,1,2025-02-16
RAHUL,Q_M_12_029,True,131,1,2025-02-16
RAHUL,Q_M_08_011,False,168,1,2025-02-16
RAHUL,Q_M_25_042,False,160,1,2025-02-16
RAHUL,Q_M_01_010,True,118,1,2025-02-16
RAHUL,Q_M_07_195,False,40,1,2025-02-16
RAHUL,Q_M_01_272,False,171,1,2025-02-23
RAHUL,Q_M_16_227,False,117,1,2025-02-23
RAHUL,Q_M_04_171,False,161,1,2025-02-23
RAHUL,Q_M_00_112,False,27,1,2025-02-23
RAHUL,Q_M_18_177,False,163,2,2025-02-23
RAHUL,Q_M_19_069,False,169,2,2025-02-23
RAHUL,Q_M_26_076,True,72,1,2025-02-23
RAHUL,Q_M_24_165,False,124,1,2025-02-23
RAHUL,Q_M_20_146,False,165,2,2025-02-23
RAHUL,Q_M_03_098,False,206,1,2025-02-23
RAHUL,Q_M_17_109,False,156,1,2025-02-23
RAHUL,Q_M_23_005,True,77,2,2025-02-23
RAHUL,Q_M_22_080,False,113,2,2025-02-23
RAHUL,Q_M_09_094,False,38,1,2025-02-23
RAHUL,Q_M_11_019,False,199,1,2025-02-23
RAHUL,Q_M_08_035,False,176,2,2025-02-23
RAHUL,Q_M_25_027,True,101,1,2025-02-23
RAHUL,Q_M_01_173,False,184,1,2025-02-23
RAHUL,Q_M_07_046,True,137,1,2025-02-23
RAHUL,Q_M_14_110,False,185,1,2025-02-23
RAHUL,Q_M_16_187,True,97,1,2025-03-02
RAHUL,Q_M_14_094,False,27,1,2025-03-02
RAHUL,Q_M_02_074,True,136,1,2025-03-02
RAHUL,Q_M_04_208,True,109,1,2025-03-02
RAHUL,Q_M_00_171,False,203,1,2025-03-02
RAHUL,Q_M_18_149,True,106,1,2025-03-02
RAHUL,Q_M_26_176,True,103,1,2025-03-02
RAHUL,Q_M_06_157,False,165,1,2025-03-02
RAHUL,Q_M_24_052,False,143,2,2025-03-02
RAHUL,Q_M_20_133,False,145,2,2025-03-02
RAHUL,Q_M_03_139,False,230,1,2025-03-02
RAHUL,Q_M_05_065,False,72,2,2025-03-02
RAHUL,Q_M_10_019,False,165,2,2025-03-02
RAHUL,Q_M_23_041,False,94,2,2025-03-02
RAHUL,Q_M_12_011,False,226,1,2025-03-02
RAHUL,Q_M_01_076,False,128,1,2025-03-02
RAHUL,Q_M_16_303,True,112,1,2025-03-02
RAHUL,Q_M_07_183,False,247,1,2025-03-02
RAHUL,Q_M_14_151,False,176,1,2025-03-02
RAHUL,Q_M_02_141,False,21,1,2025-03-02
RAHUL,Q_M_04_074,True,107,1,2025-03-02
RAHUL,Q_M_07_238,False,189,1,2025-03-09
RAHUL,Q_M_21_126,True,57,1,2025-03-09
RAHUL,Q_M_14_016,False,191,2,2025-03-09
RAHUL,Q_M_02_208,True,135,1,2025-03-09
RAHUL,Q_M_04_141,True,116,2,2025-03-09
RAHUL,Q_M_00_016,True,133,1,2025-03-09
RAHUL,Q_M_18_091,False,177,2,2025-03-09
RAHUL,Q_M_19_174,False,186,2,2025-03-09
RAHUL,Q_M_26_070,True,92,2,2025-03-09
RAHUL,Q_M_06_166,False,207,2,2025-03-09
RAHUL,Q_M_20_153,False,172,1,2025-03-09
RAHUL,Q_M_05_069,False,226,1,2025-03-09
RAHUL,Q_M_10_013,True,109,2,2025-03-09
RAHUL,Q_M_23_063,True,87,2,2025-03-09
RAHUL,Q_M_22_106,False,110,2,2025-03-09
RAHUL,Q_M_25_044,False,177,1,2025-03-09
RAHUL,Q_M_01_112,True,105,1,2025-03-09
RAHUL,Q_M_16_117,False,179,1,2025-03-09
RAHUL,Q_M_07_085,False,233,1,2025-03-09
RAHUL,Q_M_02_031,False,194,1,2025-03-09
RAHUL,Q_M_01_317,True,86,2,2025-03-16
RAHUL,Q_M_16_026,True,114,1,2025-03-16
RAHUL,Q_M_07_043,False,216,1,2025-03-16
RAHUL,Q_M_21_118,False,124,2,2025-03-16
RAHUL,Q_M_02_010,False,39,1,2025-03-16
RAHUL,Q_M_04_010,False,196,1,2025-03-16
RAHUL,Q_M_00_076,True,147,1,2025-03-16
RAHUL,Q_M_18_160,False,161,2,2025-03-16
RAHUL,Q_M_19_121,True,112,1,2025-03-16
RAHUL,Q_M_24_157,True,86,2,2025-03-16
RAHUL,Q_M_17_110,False,199,1,2025-03-16
RAHUL,Q_M_23_032,True,77,2,2025-03-16
RAHUL,Q_M_22_078,False,136,1,2025-03-16
RAHUL,Q_M_09_089,False,202,1,2025-03-16
RAHUL,Q_M_13_019,True,134,2,2025-03-16
RAHUL,Q_M_11_041,False,42,1,2025-03-16
RAHUL,Q_M_01_239,False,176,1,2025-03-16
RAHUL,Q_M_07_010,False,38,1,2025-03-16
RAHUL,Q_M_21_074,True,83,2,2025-03-16
RAHUL,Q_M_14_149,True,105,1,2025-03-16
RAHUL,Q_M_02_068,False,234,1,2025-03-16
RAHUL,Q_M_16_273,False,148,1,2025-03-23
RAHUL,Q_M_07_207,False,34,1,2025-03-23
RAHUL,Q_M_21_176,True,79,2,2025-03-23
RAHUL,Q_M_04_068,True,100,1,2025-03-23
RAHUL,Q_M_18_125,True,86,2,2025-03-23
RAHUL,Q_M_19_177,False,34,1,2025-03-23
RAHUL,Q_M_26_019,True,110,1,2025-03-23
RAHUL,Q_M_06_143,False,182,1,2025-03-23
RAHUL,Q_M_24_149,False,110,2,2025-03-23
RAHUL,Q_M_20_030,True,110,2,2025-03-23
RAHUL,Q_M_03_057,False,192,1,2025-03-23
RAHUL,Q_M_05_111,False,220,1,2025-03-23
RAHUL,Q_M_10_056,True,95,2,2025-03-23
RAHUL,Q_M_17_078,False,27,1,2025-03-23
RAHUL,Q_M_22_032,True,95,2,2025-03-23
RAHUL,Q_M_13_078,True,216,1,2025-03-23
RAHUL,Q_M_12_013,True,123,1,2025-03-23
RAHUL,Q_M_07_119,True,41,1,2025-03-23
RAHUL,Q_M_21_119,True,98,2,2025-03-23
RAHUL,Q_M_14_113,False,29,1,2025-03-23
RAHUL,Q_M_02_174,False,36,1,2025-03-23
RAHUL,Q_M_01_325,False,39,1,2025-03-30
RAHUL,Q_M_16_094,False,127,2,2025-03-30
RAHUL,Q_M_21_114,False,93,2,2025-03-30
RAHUL,Q_M_14_025,False,34,1,2025-03-30
RAHUL,Q_M_02_190,False,169,1,2025-03-30
RAHUL,Q_M_00_142,False,123,1,2025-03-30
RAHUL,Q_M_18_097,False,167,2,2025-03-30
RAHUL,Q_M_26_016,False,159,2,2025-03-30
RAHUL,Q_M_24_061,True,117,2,2025-03-30
RAHUL,Q_M_03_016,True,134,1,2025-03-30
RAHUL,Q_M_05_133,False,197,2,2025-03-30
RAHUL,Q_M_10_079,True,149,2,2025-03-30
RAHUL,Q_M_23_054,True,86,2,2025-03-30
RAHUL,Q_M_12_071,True,133,1,2025-03-30
RAHUL,Q_M_25_013,True,84,2,2025-03-30
RAHUL,Q_M_01_006,False,192,2,2025-03-30
RAHUL,Q_M_16_158,False,182,2,2025-03-30
RAHUL,Q_M_07_156,False,231,1,2025-03-30
RAHUL,Q_M_21_061,False,141,2,2025-03-30
RAHUL,Q_M_14_011,False,29,1,2025-03-30
RAHUL,Q_M_01_148,False,103,2,2025-04-06
RAHUL,Q_M_16_210,True,107,1,2025-04-06
RAHUL,Q_M_21_007,False,167,1,2025-04-06
RAHUL,Q_M_14_096,False,139,1,2025-04-06
RAHUL,Q_M_02_212,False,210,1,2025-04-06
RAHUL,Q_M_04_067,True,92,1,2025-04-06
RAHUL,Q_M_00_074,False,205,1,2025-04-06
RAHUL,Q_M_26_061,False,157,2,2025-04-06
RAHUL,Q_M_24_016,False,122,2,2025-04-06
RAHUL,Q_M_03_070,False,204,1,2025-04-06
RAHUL,Q_M_05_013,False,168,1,2025-04-06
RAHUL,Q_M_23_011,True,63,2,2025-04-06
RAHUL,Q_M_22_090,True,92,2,2025-04-06
RAHUL,Q_M_09_097,False,252,1,2025-04-06
RAHUL,Q_M_08_060,False,155,2,2025-04-06
RAHUL,Q_M_25_050,False,187,2,2025-04-06
RAHUL,Q_M_01_064,False,208,1,2025-04-06
RAHUL,Q_M_16_079,False,198,2,2025-04-06
RAHUL,Q_M_07_169,False,217,1,2025-04-06
RAHUL,Q_M_21_031,True,95,2,2025-04-06
RAHUL,Q_M_01_326,True,109,1,2025-04-13
RAHUL,Q_M_21_085,False,104,2,2025-04-13
RAHUL,Q_M_14_193,False,207,1,2025-04-13
RAHUL,Q_M_02_156,False,201,1,2025-04-13
RAHUL,Q_M_04_080,True,138,2,2025-04-13
RAHUL,Q_M_00_179,True,125,1,2025-04-13
RAHUL,Q_M_18_190,False,185,2,2025-04-13
RAHUL,Q_M_19_091,False,200,1,2025-04-13
RAHUL,Q_M_26_163,True,85,2,2025-04-13
RAHUL,Q_M_24_134,False,124,2,2025-04-13
RAHUL,Q_M_20_020,False,122,2,2025-04-13
RAHUL,Q_M_03_025,False,209,1,2025-04-13
RAHUL,Q_M_10_037,True,136,1,2025-04-13
RAHUL,Q_M_23_012,True,72,2,2025-04-13
RAHUL,Q_M_22_089,False,127,2,2025-04-13
RAHUL,Q_M_13_005,True,115,1,2025-04-13
RAHUL,Q_M_11_048,False,250,1,2025-04-13
RAHUL,Q_M_01_115,True,111,1,2025-04-13
RAHUL,Q_M_16_320,True,91,2,2025-04-13
RAHUL,Q_M_14_157,True,226,1,2025-04-13
RAHUL,Q_M_04_026,False,144,1,2025-04-13
RAHUL,Q_M_01_140,False,155,2,2025-04-20
RAHUL,Q_M_21_212,True,96,2,2025-04-20
RAHUL,Q_M_14_026,False,166,1,2025-04-20
RAHUL,Q_M_02_144,True,117,1,2025-04-20
RAHUL,Q_M_00_168,False,270,1,2025-04-20
RAHUL,Q_M_18_148,False,182,1,2025-04-20
RAHUL,Q_M_19_031,False,219,2,2025-04-20
RAHUL,Q_M_06_016,True,123,2,2025-04-20
RAHUL,Q_M_03_031,True,149,1,2025-04-20
RAHUL,Q_M_05_010,False,174,1,2025-04-20
RAHUL,Q_M_10_127,False,174,2,2025-04-20
RAHUL,Q_M_17_129,False,197,1,2025-04-20
RAHUL,Q_M_23_091,True,81,2,2025-04-20
RAHUL,Q_M_22_071,True,71,2,2025-04-20
RAHUL,Q_M_12_050,False,224,1,2025-04-20
RAHUL,Q_M_08_048,False,167,2,2025-04-20
RAHUL,Q_M_25_004,False,153,1,2025-04-20
RAHUL,Q_M_16_091,False,144,1,2025-04-20
RAHUL,Q_M_21_145,True,96,2,2025-04-20
RAHUL,Q_M_14_087,False,123,2,2025-04-20
RAHUL,Q_M_02_080,False,41,1,2025-04-20
KAVYA,Q_M_16_133,False,120,2,2025-01-12
KAVYA,Q_M_21_180,True,41,2,2025-01-12
KAVYA,Q_M_14_191,False,134,2,2025-01-12
KAVYA,Q_M_02_216,False,169,2,2025-01-12
KAVYA,Q_M_04_216,False,173,2,2025-01-12
KAVYA,Q_M_00_010,True,125,1,2025-01-12
KAVYA,Q_M_18_112,True,81,2,2025-01-12
KAVYA,Q_M_19_083,False,30,1,2025-01-12
KAVYA,Q_M_26_156,True,93,1,2025-01-12
KAVYA,Q_M_06_077,True,53,2,2025-01-12
KAVYA,Q_M_24_138,False,128,3,2025-01-12
KAVYA,Q_M_20_136,False,121,2,2025-01-12
KAVYA,Q_M_05_119,True,135,1,2025-01-12
KAVYA,Q_M_10_070,False,132,2,2025-01-12
KAVYA,Q_M_23_019,False,126,2,2025-01-12
KAVYA,Q_M_22_077,True,84,2,2025-01-12
KAVYA,Q_M_09_063,True,28,1,2025-01-12
KAVYA,Q_M_13_001,False,179,2,2025-01-12
KAVYA,Q_M_11_001,False,239,1,2025-01-12
KAVYA,Q_M_12_031,True,145,1,2025-01-12
KAVYA,Q_M_08_005,False,192,2,2025-01-12
KAVYA,Q_M_25_032,True,89,2,2025-01-12
KAVYA,Q_M_15_001,True,141,2,2025-01-12
KAVYA,Q_M_01_256,False,131,2,2025-01-19
KAVYA,Q_M_07_031,False,165,1,2025-01-19
KAVYA,Q_M_21_256,True,65,2,2025-01-19
KAVYA,Q_M_14_070,True,102,3,2025-01-19
KAVYA,Q_M_02_101,True,138,2,2025-01-19
KAVYA,Q_M_00_198,True,172,1,2025-01-19
KAVYA,Q_M_18_178,True,88,2,2025-01-19
KAVYA,Q_M_19_016,True,107,1,2025-01-19
KAVYA,Q_M_26_187,True,37,2,2025-01-19
KAVYA,Q_M_06_061,True,70,2,2025-01-19
KAVYA,Q_M_24_162,False,106,3,2025-01-19
KAVYA,Q_M_20_132,True,88,2,2025-01-19
KAVYA,Q_M_03_046,False,206,1,2025-01-19
KAVYA,Q_M_05_074,True,138,1,2025-01-19
KAVYA,Q_M_23_090,False,173,2,2025-01-19
KAVYA,Q_M_22_011,True,74,2,2025-01-19
KAVYA,Q_M_09_041,False,180,1,2025-01-19
KAVYA,Q_M_11_059,True,169,1,2025-01-19
KAVYA,Q_M_12_001,True,109,1,2025-01-19
KAVYA,Q_M_08_019,False,165,2,2025-01-19
KAVYA,Q_M_15_002,False,121,1,2025-01-19
KAVYA,Q_M_16_181,True,83,3,2025-01-19
KAVYA,Q_M_26_008,False,165,2,2025-01-19
KAVYA,Q_M_01_197,False,125,2,2025-01-26
KAVYA,Q_M_16_127,True,86,3,2025-01-26
KAVYA,Q_M_07_254,False,42,2,2025-01-26
KAVYA,Q_M_14_182,True,147,2,2025-01-26
KAVYA,Q_M_02_140,False,114,2,2025-01-26
KAVYA,Q_M_04_140,False,80,2,2025-01-26
KAVYA,Q_M_00_067,False,178,1,2025-01-26
KAVYA,Q_M_18_164,True,85,2,2025-01-26
KAVYA,Q_M_19_112,False,23,2,2025-01-26
KAVYA,Q_M_26_141,False,107,1,2025-01-26
KAVYA,Q_M_06_139,False,140,2,2025-01-26
KAVYA,Q_M_24_031,False,138,3,2025-01-26
KAVYA,Q_M_20_116,False,167,2,2025-01-26
KAVYA,Q_M_03_112,False,167,1,2025-01-26
KAVYA,Q_M_05_019,False,164,1,2025-01-26
KAVYA,Q_M_10_020,False,166,2,2025-01-26
KAVYA,Q_M_17_032,True,115,1,2025-01-26
KAVYA,Q_M_22_100,True,68,2,2025-01-26
KAVYA,Q_M_09_095,False,216,1,2025-01-26
KAVYA,Q_M_13_079,True,107,2,2025-01-26
KAVYA,Q_M_12_023,True,160,1,2025-01-26
KAVYA,Q_M_25_033,False,116,1,2025-01-26
KAVYA,Q_M_01_058,False,104,2,2025-01-26
KAVYA,Q_M_16_220,True,89,3,2025-01-26
KAVYA,Q_M_16_010,True,42,3,2025-02-02
KAVYA,Q_M_07_145,False,161,2,2025-02-02
KAVYA,Q_M_14_230,True,82,2,2025-02-02
KAVYA,Q_M_04_016,False,119,2,2025-02-02
KAVYA,Q_M_00_192,True,169,2,2025-02-02
KAVYA,Q_M_18_121,False,174,2,2025-02-02
KAVYA,Q_M_19_178,False,206,2,2025-02-02
KAVYA,Q_M_26_114,True,88,2,2025-02-02
KAVYA,Q_M_20_056,True,101,2,2025-02-02
KAVYA,Q_M_03_134,True,171,1,2025-02-02
KAVYA,Q_M_05_142,False,214,1,2025-02-02
KAVYA,Q_M_17_043,True,130,2,2025-02-02
KAVYA,Q_M_23_046,False,66,3,2025-02-02
KAVYA,Q_M_22_005,False,136,2,2025-02-02
KAVYA,Q_M_09_019,True,140,1,2025-02-02
KAVYA,Q_M_13_023,False,158,1,2025-02-02
KAVYA,Q_M_11_013,False,208,1,2025-02-02
KAVYA,Q_M_12_032,True,145,1,2025-02-02
KAVYA,Q_M_08_029,False,148,1,2025-02-02
KAVYA,Q_M_25_014,True,98,2,2025-02-02
KAVYA,Q_M_15_006,False,166,2,2025-02-02
KAVYA,Q_M_16_197,False,85,2,2025-02-02
KAVYA,Q_M_07_080,False,35,1,2025-02-02
KAVYA,Q_M_16_267,True,75,3,2025-02-09
KAVYA,Q_M_07_102,True,94,1,2025-02-09
KAVYA,Q_M_14_227,True,84,3,2025-02-09
KAVYA,Q_M_02_016,False,232,1,2025-02-09
KAVYA,Q_M_04_179,False,128,3,2025-02-09
KAVYA,Q_M_00_118,True,186,1,2025-02-09
KAVYA,Q_M_18_174,False,147,2,2025-02-09
KAVYA,Q_M_19_077,True,113,2,2025-02-09
KAVYA,Q_M_26_171,True,76,2,2025-02-09
KAVYA,Q_M_06_086,True,108,2,2025-02-09
KAVYA,Q_M_20_096,True,66,2,2025-02-09
KAVYA,Q_M_03_030,False,194,1,2025-02-09
KAVYA,Q_M_05_079,False,221,1,2025-02-09
KAVYA,Q_M_10_109,False,94,2,2025-02-09
KAVYA,Q_M_23_048,False,159,2,2025-02-09
KAVYA,Q_M_13_083,True,74,2,2025-02-09
KAVYA,Q_M_11_074,False,192,1,2025-02-09
KAVYA,Q_M_12_019,True,116,1,2025-02-09
KAVYA,Q_M_08_051,True,102,1,2025-02-09
KAVYA,Q_M_25_020,False,167,1,2025-02-09
KAVYA,Q_M_01_199,True,122,1,2025-02-09
KAVYA,Q_M_16_145,False,150,2,2025-02-09
KAVYA,Q_M_07_196,False,182,1,2025-02-09
KAVYA,Q_M_16_180,False,118,3,2025-02-16
KAVYA,Q_M_07_115,True,75,2,2025-02-16
KAVYA,Q_M_21_010,False,90,1,2025-02-16
KAVYA,Q_M_14_010,True,85,2,2025-02-16
KAVYA,Q_M_02_155,False,128,2,2025-02-16
KAVYA,Q_M_19_164,True,109,2,2025-02-16
KAVYA,Q_M_26_017,False,96,2,2025-02-16
KAVYA,Q_M_06_115,True,78,2,2025-02-16
KAVYA,Q_M_24_143,False,76,2,2025-02-16
KAVYA,Q_M_20_158,False,138,2,2025-02-16
KAVYA,Q_M_03_096,True,170,2,2025-02-16
KAVYA,Q_M_05_077,False,162,1,2025-02-16
KAVYA,Q_M_10_141,True,74,2,2025-02-16
KAVYA,Q_M_17_128,False,149,2,2025-02-16
KAVYA,Q_M_23_120,True,74,3,2025-02-16
KAVYA,Q_M_22_079,False,139,2,2025-02-16
KAVYA,Q_M_13_013,False,214,1,2025-02-16
KAVYA,Q_M_11_011,False,261,1,2025-02-16
KAVYA,Q_M_12_029,True,127,1,2025-02-16
KAVYA,Q_M_08_011,False,172,1,2025-02-16
KAVYA,Q_M_25_042,True,93,2,2025-02-16
KAVYA,Q_M_15_004,False,173,2,2025-02-16
KAVYA,Q_M_01_010,True,95,2,2025-02-16
KAVYA,Q_M_16_165,False,100,3,2025-02-16
KAVYA,Q_M_01_272,False,110,1,2025-02-23
KAVYA,Q_M_07_061,True,77,2,2025-02-23
KAVYA,Q_M_14_128,True,72,2,2025-02-23
KAVYA,Q_M_02_171,False,168,1,2025-02-23
KAVYA,Q_M_00_112,False,216,2,2025-02-23
KAVYA,Q_M_18_177,False,142,2,2025-02-23
KAVYA,Q_M_19_069,True,111,2,2025-02-23
KAVYA,Q_M_26_076,True,54,2,2025-02-23
KAVYA,Q_M_06_032,False,159,2,2025-02-23
KAVYA,Q_M_24_165,False,119,3,2025-02-23
KAVYA,Q_M_20_146,False,101,2,2025-02-23
KAVYA,Q_M_03_098,False,207,1,2025-02-23
KAVYA,Q_M_05_032,False,174,2,2025-02-23
KAVYA,Q_M_17_109,False,168,2,2025-02-23
KAVYA,Q_M_23_005,True,62,2,2025-02-23
KAVYA,Q_M_09_094,True,126,1,2025-02-23
KAVYA,Q_M_13_073,False,187,2,2025-02-23
KAVYA,Q_M_11_019,False,208,1,2025-02-23
KAVYA,Q_M_08_035,True,85,2,2025-02-23
KAVYA,Q_M_01_173,True,115,1,2025-02-23
KAVYA,Q_M_16_125,False,120,3,2025-02-23
KAVYA,Q_M_07_046,False,200,1,2025-02-23
KAVYA,Q_M_14_110,False,114,2,2025-02-23
KAVYA,Q_M_01_203,False,100,2,2025-03-02
KAVYA,Q_M_16_187,False,156,2,2025-03-02
KAVYA,Q_M_07_074,True,103,2,2025-03-02
KAVYA,Q_M_21_258,True,65,1,2025-03-02
KAVYA,Q_M_02_074,True,136,1,2025-03-02
KAVYA,Q_M_18_149,True,65,2,2025-03-02
KAVYA,Q_M_19_068,False,179,2,2025-03-02
KAVYA,Q_M_26_176,True,96,2,2025-03-02
KAVYA,Q_M_24_052,True,76,2,2025-03-02
KAVYA,Q_M_20_133,False,157,2,2025-03-02
KAVYA,Q_M_03_139,False,175,2,2025-03-02
KAVYA,Q_M_05_065,False,110,2,2025-03-02
KAVYA,Q_M_10_019,True,62,2,2025-03-02
KAVYA,Q_M_17_124,True,114,2,2025-03-02
KAVYA,Q_M_23_041,False,110,2,2025-03-02
KAVYA,Q_M_12_011,True,155,2,2025-03-02
KAVYA,Q_M_08_013,False,118,2,2025-03-02
KAVYA,Q_M_15_007,False,181,2,2025-03-02
KAVYA,Q_M_01_076,True,101,2,2025-03-02
KAVYA,Q_M_16_303,True,56,3,2025-03-02
KAVYA,Q_M_14_151,True,106,3,2025-03-02
KAVYA,Q_M_02_141,False,142,2,2025-03-02
KAVYA,Q_M_04_074,False,134,3,2025-03-02
KAVYA,Q_M_01_078,True,71,2,2025-03-09
KAVYA,Q_M_07_238,False,118,2,2025-03-09
KAVYA,Q_M_21_126,True,51,2,2025-03-09
KAVYA,Q_M_14_016,True,73,2,2025-03-09
KAVYA,Q_M_02_208,True,125,1,2025-03-09
KAVYA,Q_M_04_141,True,80,3,2025-03-09
KAVYA,Q_M_18_091,False,95,2,2025-03-09
KAVYA,Q_M_19_174,False,207,1,2025-03-09
KAVYA,Q_M_26_070,False,93,2,2025-03-09
KAVYA,Q_M_06_166,True,84,2,2025-03-09
KAVYA,Q_M_24_106,False,125,2,2025-03-09
KAVYA,Q_M_20_153,False,126,2,2025-03-09
KAVYA,Q_M_05_069,False,184,2,2025-03-09
KAVYA,Q_M_17_126,False,151,2,2025-03-09
KAVYA,Q_M_23_063,False,84,2,2025-03-09
KAVYA,Q_M_22_106,True,70,2,2025-03-09
KAVYA,Q_M_11_005,True,127,1,2025-03-09
KAVYA,Q_M_25_044,True,101,1,2025-03-09
KAVYA,Q_M_01_112,False,193,2,2025-03-09
KAVYA,Q_M_16_117,True,96,3,2025-03-09
KAVYA,Q_M_21_174,True,79,2,2025-03-09
KAVYA,Q_M_14_056,True,121,2,2025-03-09
KAVYA,Q_M_02_031,True,131,2,2025-03-09
KAVYA,Q_M_04_031,False,147,2,2025-03-09
KAVYA,Q_M_01_317,True,89,2,2025-03-16
KAVYA,Q_M_16_026,False,115,2,2025-03-16
KAVYA,Q_M_07_043,False,93,1,2025-03-16
KAVYA,Q_M_21_118,True,53,2,2025-03-16
KAVYA,Q_M_02_010,False,178,2,2025-03-16
KAVYA,Q_M_04_010,False,96,3,2025-03-16
KAVYA,Q_M_00_076,False,179,1,2025-03-16
KAVYA,Q_M_18_160,False,109,2,2025-03-16
KAVYA,Q_M_06_124,False,159,2,2025-03-16
KAVYA,Q_M_24_157,True,82,3,2025-03-16
KAVYA,Q_M_20_156,False,95,2,2025-03-16
KAVYA,Q_M_03_020,True,145,1,2025-03-16
KAVYA,Q_M_05_083,False,171,1,2025-03-16
KAVYA,Q_M_10_118,False,154,2,2025-03-16
KAVYA,Q_M_17_110,False,169,2,2025-03-16
KAVYA,Q_M_23_032,False,92,2,2025-03-16
KAVYA,Q_M_22_078,False,128,2,2025-03-16
KAVYA,Q_M_09_089,False,233,1,2025-03-16
KAVYA,Q_M_13_019,False,180,1,2025-03-16
KAVYA,Q_M_11_041,False,220,1,2025-03-16
KAVYA,Q_M_07_010,False,183,1,2025-03-16
KAVYA,Q_M_21_074,True,60,1,2025-03-16
KAVYA,Q_M_14_149,True,136,2,2025-03-16
KAVYA,Q_M_16_273,False,83,2,2025-03-23
KAVYA,Q_M_21_176,True,51,2,2025-03-23
KAVYA,Q_M_14_020,True,91,2,2025-03-23
KAVYA,Q_M_04_068,True,88,3,2025-03-23
KAVYA,Q_M_00_145,False,206,1,2025-03-23
KAVYA,Q_M_18_125,False,128,2,2025-03-23
KAVYA,Q_M_19_177,False,182,1,2025-03-23
KAVYA,Q_M_26_019,True,63,1,2025-03-23
KAVYA,Q_M_06_143,True,112,2,2025-03-23
KAVYA,Q_M_24_149,False,126,2,2025-03-23
KAVYA,Q_M_20_030,True,81,2,2025-03-23
KAVYA,Q_M_05_111,True,169,1,2025-03-23
KAVYA,Q_M_10_056,True,85,2,2025-03-23
KAVYA,Q_M_17_078,False,165,2,2025-03-23
KAVYA,Q_M_23_056,False,141,2,2025-03-23
KAVYA,Q_M_22_032,True,80,2,2025-03-23
KAVYA,Q_M_13_078,True,130,1,2025-03-23
KAVYA,Q_M_12_013,True,143,1,2025-03-23
KAVYA,Q_M_08_055,False,191,2,2025-03-23
KAVYA,Q_M_01_144,False,178,2,2025-03-23
KAVYA,Q_M_07_119,False,195,2,2025-03-23
KAVYA,Q_M_21_119,True,131,1,2025-03-23
KAVYA,Q_M_14_113,False,212,2,2025-03-23
KAVYA,Q_M_01_325,False,139,2,2025-03-30
KAVYA,Q_M_07_023,True,93,1,2025-03-30
KAVYA,Q_M_21_114,True,60,2,2025-03-30
KAVYA,Q_M_14_025,True,99,2,2025-03-30
KAVYA,Q_M_02_190,False,147,2,2025-03-30
KAVYA,Q_M_04_019,True,77,2,2025-03-30
KAVYA,Q_M_00_142,False,173,1,2025-03-30
KAVYA,Q_M_18_097,True,62,2,2025-03-30
KAVYA,Q_M_26_016,True,103,2,2025-03-30
KAVYA,Q_M_06_091,False,103,2,2025-03-30
KAVYA,Q_M_24_061,False,114,3,2025-03-30
KAVYA,Q_M_05_133,True,111,2,2025-03-30
KAVYA,Q_M_17_057,False,247,1,2025-03-30
KAVYA,Q_M_23_054,True,76,3,2025-03-30
KAVYA,Q_M_22_097,True,91,2,2025-03-30
KAVYA,Q_M_09_096,False,236,1,2025-03-30
KAVYA,Q_M_12_071,False,250,2,2025-03-30
KAVYA,Q_M_08_063,True,98,2,2025-03-30
KAVYA,Q_M_25_013,True,86,2,2025-03-30
KAVYA,Q_M_01_006,False,179,1,2025-03-30
KAVYA,Q_M_16_158,True,66,3,2025-03-30
KAVYA,Q_M_21_061,True,102,1,2025-03-30
KAVYA,Q_M_14_011,False,198,2,2025-03-30
KAVYA,Q_M_16_210,True,50,2,2025-04-06
KAVYA,Q_M_07_025,False,125,1,2025-04-06
KAVYA,Q_M_14_096,False,153,2,2025-04-06
KAVYA,Q_M_02_212,True,198,1,2025-04-06
KAVYA,Q_M_04_067,False,105,3,2025-04-06
KAVYA,Q_M_19_066,False,182,1,2025-04-06
KAVYA,Q_M_26_061,True,55,1,2025-04-06
KAVYA,Q_M_06_110,False,140,2,2025-04-06
KAVYA,Q_M_24_016,False,138,3,2025-04-06
KAVYA,Q_M_20_102,True,81,2,2025-04-06
KAVYA,Q_M_05_013,False,197,2,2025-04-06
KAVYA,Q_M_17_041,False,38,2,2025-04-06
KAVYA,Q_M_22_090,True,103,2,2025-04-06
KAVYA,Q_M_09_097,True,137,1,2025-04-06
KAVYA,Q_M_13_085,False,38,2,2025-04-06
KAVYA,Q_M_11_071,False,195,1,2025-04-06
KAVYA,Q_M_12_068,False,46,1,2025-04-06
KAVYA,Q_M_08_060,False,181,2,2025-04-06
KAVYA,Q_M_25_050,True,84,2,2025-04-06
KAVYA,Q_M_01_064,True,130,2,2025-04-06
KAVYA,Q_M_16_079,False,73,3,2025-04-06
KAVYA,Q_M_07_169,False,227,2,2025-04-06
KAVYA,Q_M_21_031,True,65,2,2025-04-06
KAVYA,Q_M_16_006,True,86,3,2025-04-13
KAVYA,Q_M_07_076,True,81,2,2025-04-13
KAVYA,Q_M_21_085,True,69,2,2025-04-13
KAVYA,Q_M_14_193,False,144,2,2025-04-13
KAVYA,Q_M_02_156,True,107,1,2025-04-13
KAVYA,Q_M_04_080,False,129,3,2025-04-13
KAVYA,Q_M_00_179,False,198,1,2025-04-13
KAVYA,Q_M_18_190,True,67,2,2025-04-13
KAVYA,Q_M_26_163,True,32,2,2025-04-13
KAVYA,Q_M_06_042,False,177,2,2025-04-13
KAVYA,Q_M_24_134,False,97,2,2025-04-13
KAVYA,Q_M_20_020,False,178,2,2025-04-13
KAVYA,Q_M_05_037,True,96,1,2025-04-13
KAVYA,Q_M_10_037,False,94,2,2025-04-13
KAVYA,Q_M_17_013,False,45,1,2025-04-13
KAVYA,Q_M_23_012,False,91,2,2025-04-13
KAVYA,Q_M_22_089,False,129,2,2025-04-13
KAVYA,Q_M_13_005,True,95,2,2025-04-13
KAVYA,Q_M_01_115,True,95,2,2025-04-13
KAVYA,Q_M_16_320,True,61,3,2025-04-13
KAVYA,Q_M_21_067,True,89,2,2025-04-13
KAVYA,Q_M_14_157,True,111,3,2025-04-13
KAVYA,Q_M_02_067,True,109,1,2025-04-13
KAVYA,Q_M_04_026,False,145,2,2025-04-13
KAVYA,Q_M_01_140,False,151,1,2025-04-20
KAVYA,Q_M_16_047,True,68,3,2025-04-20
KAVYA,Q_M_07_264,False,155,1,2025-04-20
KAVYA,Q_M_14_026,False,229,2,2025-04-20
KAVYA,Q_M_02_144,False,111,2,2025-04-20
KAVYA,Q_M_04_114,True,72,3,2025-04-20
KAVYA,Q_M_00_168,False,179,1,2025-04-20
KAVYA,Q_M_18_148,False,131,2,2025-04-20
KAVYA,Q_M_19_031,False,157,2,2025-04-20
KAVYA,Q_M_06_016,True,106,2,2025-04-20
KAVYA,Q_M_24_046,False,142,3,2025-04-20
KAVYA,Q_M_20_135,True,70,2,2025-04-20
KAVYA,Q_M_03_031,False,179,1,2025-04-20
KAVYA,Q_M_05_010,False,210,2,2025-04-20
KAVYA,Q_M_10_127,True,68,2,2025-04-20
KAVYA,Q_M_17_129,False,46,2,2025-04-20
KAVYA,Q_M_22_071,False,133,2,2025-04-20
KAVYA,Q_M_11_036,False,182,1,2025-04-20
KAVYA,Q_M_08_048,False,99,2,2025-04-20
KAVYA,Q_M_25_004,False,131,1,2025-04-20
KAVYA,Q_M_01_102,False,138,2,2025-04-20
KAVYA,Q_M_07_047,False,197,2,2025-04-20
KAVYA,Q_M_21_145,True,74,2,2025-04-20
